typical_day_id,display_day_label,weight,timestep_index,hour,outdoor_temperature_C,solar_radiation_W_m2,setpoint_C,building_id,heat_kw
day_1,Cold cloudy day,0.45,0,0.0,-1.3978,0.0,20.0,building_1,5.622350089471608
day_1,Cold cloudy day,0.45,1,0.25,-1.4424,0.0,20.0,building_1,5.633500524145244
day_1,Cold cloudy day,0.45,2,0.5,-1.4743,0.0,20.0,building_1,5.641475835044101
day_1,Cold cloudy day,0.45,3,0.75,-1.4936,0.0,20.0,building_1,5.646301023142783
day_1,Cold cloudy day,0.45,4,1.0,-1.5,0.0,20.0,building_1,5.647901085517475
day_1,Cold cloudy day,0.45,5,1.25,-1.4936,0.0,20.0,building_1,5.646301023142783
day_1,Cold cloudy day,0.45,6,1.5,-1.4743,0.0,20.0,building_1,5.641475835044101
day_1,Cold cloudy day,0.45,7,1.75,-1.4424,0.0,20.0,building_1,5.633500524145244
day_1,Cold cloudy day,0.45,8,2.0,-1.3978,0.0,20.0,building_1,5.622350089471608
day_1,Cold cloudy day,0.45,9,2.25,-1.3408,0.0,20.0,building_1,5.608099533947005
day_1,Cold cloudy day,0.45,10,2.5,-1.2716,0.0,20.0,building_1,5.590798859520644
day_1,Cold cloudy day,0.45,11,2.75,-1.1906,0.0,20.0,building_1,5.570548070090946
day_1,Cold cloudy day,0.45,12,3.0,-1.0981,0.0,20.0,building_1,5.547422168581722
day_1,Cold cloudy day,0.45,13,3.25,-0.9944,0.0,20.0,building_1,5.521496157916786
day_1,Cold cloudy day,0.45,14,3.5,-0.8801,0.0,20.0,building_1,5.492920043943767
day_1,Cold cloudy day,0.45,15,3.75,-0.7555,0.0,20.0,building_1,5.461768829586478
day_1,Cold cloudy day,0.45,16,4.0,-0.6213,0.0,20.0,building_1,5.4282175216671495
day_1,Cold cloudy day,0.45,17,4.25,-0.478,0.0,20.0,building_1,5.392391125058806
day_1,Cold cloudy day,0.45,18,4.5,-0.3263,0.0,20.0,building_1,5.354464646583677
day_1,Cold cloudy day,0.45,19,4.75,-0.1667,0.0,20.0,building_1,5.314563091114789
day_1,Cold cloudy day,0.45,20,5.0,0.0,0.0,20.0,building_1,5.272886466448978
day_1,Cold cloudy day,0.45,21,5.25,0.1731,0.0,20.0,building_1,5.229609779408473
day_1,Cold cloudy day,0.45,22,5.5,0.3519,0.0,20.0,building_1,5.184908036815508
day_1,Cold cloudy day,0.45,23,5.75,0.5357,0.0,20.0,building_1,5.138956245492315
day_1,Cold cloudy day,0.45,24,6.0,0.7235,0.0,20.0,building_1,5.092004415184938
day_1,Cold cloudy day,0.45,25,6.25,0.9147,0.0,20.0,building_1,5.044202551741008
day_1,Cold cloudy day,0.45,26,6.5,1.1084,0.0,20.0,building_1,4.995775663931963
day_1,Cold cloudy day,0.45,27,6.75,1.3038,0.0,20.0,building_1,4.94692375955464
day_1,Cold cloudy day,0.45,28,7.0,1.5,0.0,20.0,building_1,4.89787184738048
day_1,Cold cloudy day,0.45,29,7.25,1.6962,4.5782,20.0,building_1,4.795784404027289
day_1,Cold cloudy day,0.45,30,7.5,1.8916,9.1368,20.0,building_1,4.694124021987845
day_1,Cold cloudy day,0.45,31,7.75,2.0853,13.6563,20.0,building_1,4.593341605114182
day_1,Cold cloudy day,0.45,32,8.0,2.2765,18.1173,20.0,building_1,4.4938618978474265
day_1,Cold cloudy day,0.45,33,8.25,2.4643,22.5008,20.0,building_1,4.3961300118580615
day_1,Cold cloudy day,0.45,34,8.5,2.6481,26.7878,20.0,building_1,4.30051605589276
day_1,Cold cloudy day,0.45,35,8.75,2.8269,30.9602,20.0,building_1,4.207479716669811
day_1,Cold cloudy day,0.45,36,9.0,3.0,35.0,20.0,building_1,4.117404519547386
day_1,Cold cloudy day,0.45,37,9.25,3.1667,38.8899,20.0,building_1,4.030665880829477
day_1,Cold cloudy day,0.45,38,9.5,3.3263,42.6133,20.0,building_1,3.9476311077659005
day_1,Cold cloudy day,0.45,39,9.75,3.478,46.1542,20.0,building_1,3.868685557963214
day_1,Cold cloudy day,0.45,40,10.0,3.6213,49.4975,20.0,building_1,3.7941291601773655
day_1,Cold cloudy day,0.45,41,10.25,3.7555,52.6288,20.0,building_1,3.7243037360593347
day_1,Cold cloudy day,0.45,42,10.5,3.8801,55.5347,20.0,building_1,3.659489520947788
day_1,Cold cloudy day,0.45,43,10.75,3.9944,58.2029,20.0,building_1,3.600004009331177
day_1,Cold cloudy day,0.45,44,11.0,4.0981,60.6218,20.0,building_1,3.5460565827453645
day_1,Cold cloudy day,0.45,45,11.25,4.1906,62.7811,20.0,building_1,3.497916565977986
day_1,Cold cloudy day,0.45,46,11.5,4.2716,64.6716,20.0,building_1,3.4557655380934458
day_1,Cold cloudy day,0.45,47,11.75,4.3408,66.2851,20.0,building_1,3.4197734937930377
day_1,Cold cloudy day,0.45,48,12.0,4.3978,67.6148,20.0,building_1,3.390119210644312
day_1,Cold cloudy day,0.45,49,12.25,4.4424,68.655,20.0,building_1,3.3669187214661918
day_1,Cold cloudy day,0.45,50,12.5,4.4743,69.4011,20.0,building_1,3.3503003172527848
day_1,Cold cloudy day,0.45,51,12.75,4.4936,69.8501,20.0,building_1,3.3402737501188087
day_1,Cold cloudy day,0.45,52,13.0,4.5,70.0,20.0,building_1,3.336937191714293
day_1,Cold cloudy day,0.45,53,13.25,4.4936,69.8501,20.0,building_1,3.3402737501188087
day_1,Cold cloudy day,0.45,54,13.5,4.4743,69.4011,20.0,building_1,3.3503003172527848
day_1,Cold cloudy day,0.45,55,13.75,4.4424,68.655,20.0,building_1,3.3669187214661918
day_1,Cold cloudy day,0.45,56,14.0,4.3978,67.6148,20.0,building_1,3.390119210644312
day_1,Cold cloudy day,0.45,57,14.25,4.3408,66.2851,20.0,building_1,3.4197734937930377
day_1,Cold cloudy day,0.45,58,14.5,4.2716,64.6716,20.0,building_1,3.4557655380934458
day_1,Cold cloudy day,0.45,59,14.75,4.1906,62.7811,20.0,building_1,3.497916565977986
day_1,Cold cloudy day,0.45,60,15.0,4.0981,60.6218,20.0,building_1,3.5460565827453645
day_1,Cold cloudy day,0.45,61,15.25,3.9944,58.2029,20.0,building_1,3.600004009331177
day_1,Cold cloudy day,0.45,62,15.5,3.8801,55.5347,20.0,building_1,3.659489520947788
day_1,Cold cloudy day,0.45,63,15.75,3.7555,52.6288,20.0,building_1,3.7243037360593347
day_1,Cold cloudy day,0.45,64,16.0,3.6213,49.4975,20.0,building_1,3.7941291601773655
day_1,Cold cloudy day,0.45,65,16.25,3.478,46.1542,20.0,building_1,3.868685557963214
day_1,Cold cloudy day,0.45,66,16.5,3.3263,42.6133,20.0,building_1,3.9476311077659005
day_1,Cold cloudy day,0.45,67,16.75,3.1667,38.8899,20.0,building_1,4.030665880829477
day_1,Cold cloudy day,0.45,68,17.0,3.0,35.0,20.0,building_1,4.117404519547386
day_1,Cold cloudy day,0.45,69,17.25,2.8269,30.9602,20.0,building_1,4.207479716669811
day_1,Cold cloudy day,0.45,70,17.5,2.6481,26.7878,20.0,building_1,4.30051605589276
day_1,Cold cloudy day,0.45,71,17.75,2.4643,22.5008,20.0,building_1,4.3961300118580615
day_1,Cold cloudy day,0.45,72,18.0,2.2765,18.1173,20.0,building_1,4.4938618978474265
day_1,Cold cloudy day,0.45,73,18.25,2.0853,13.6563,20.0,building_1,4.593341605114182
day_1,Cold cloudy day,0.45,74,18.5,1.8916,9.1368,20.0,building_1,4.694124021987845
day_1,Cold cloudy day,0.45,75,18.75,1.6962,4.5782,20.0,building_1,4.795784404027289
day_1,Cold cloudy day,0.45,76,19.0,1.5,0.0,20.0,building_1,4.89787184738048
day_1,Cold cloudy day,0.45,77,19.25,1.3038,0.0,20.0,building_1,4.94692375955464
day_1,Cold cloudy day,0.45,78,19.5,1.1084,0.0,20.0,building_1,4.995775663931963
day_1,Cold cloudy day,0.45,79,19.75,0.9147,0.0,20.0,building_1,5.044202551741008
day_1,Cold cloudy day,0.45,80,20.0,0.7235,0.0,20.0,building_1,5.092004415184938
day_1,Cold cloudy day,0.45,81,20.25,0.5357,0.0,20.0,building_1,5.138956245492315
day_1,Cold cloudy day,0.45,82,20.5,0.3519,0.0,20.0,building_1,5.184908036815508
day_1,Cold cloudy day,0.45,83,20.75,0.1731,0.0,20.0,building_1,5.229609779408473
day_1,Cold cloudy day,0.45,84,21.0,-0.0,0.0,20.0,building_1,5.272886466448978
day_1,Cold cloudy day,0.45,85,21.25,-0.1667,0.0,20.0,building_1,5.314563091114789
day_1,Cold cloudy day,0.45,86,21.5,-0.3263,0.0,20.0,building_1,5.354464646583677
day_1,Cold cloudy day,0.45,87,21.75,-0.478,0.0,20.0,building_1,5.392391125058806
day_1,Cold cloudy day,0.45,88,22.0,-0.6213,0.0,20.0,building_1,5.4282175216671495
day_1,Cold cloudy day,0.45,89,22.25,-0.7555,0.0,20.0,building_1,5.461768829586478
day_1,Cold cloudy day,0.45,90,22.5,-0.8801,0.0,20.0,building_1,5.492920043943767
day_1,Cold cloudy day,0.45,91,22.75,-0.9944,0.0,20.0,building_1,5.521496157916786
day_1,Cold cloudy day,0.45,92,23.0,-1.0981,0.0,20.0,building_1,5.547422168581722
day_1,Cold cloudy day,0.45,93,23.25,-1.1906,0.0,20.0,building_1,5.570548070090946
day_1,Cold cloudy day,0.45,94,23.5,-1.2716,0.0,20.0,building_1,5.590798859520644
day_1,Cold cloudy day,0.45,95,23.75,-1.3408,0.0,20.0,building_1,5.608099533947005
day_1,Cold cloudy day,0.45,0,0.0,-1.3978,0.0,20.0,building_2,1.9507586855257584
day_1,Cold cloudy day,0.45,1,0.25,-1.4424,0.0,20.0,building_2,1.9556706877797656
day_1,Cold cloudy day,0.45,2,0.5,-1.4743,0.0,20.0,building_2,1.959183980871757
day_1,Cold cloudy day,0.45,3,0.75,-1.4936,0.0,20.0,building_2,1.9613095782597023
day_1,Cold cloudy day,0.45,4,1.0,-1.5,0.0,20.0,building_2,1.9620144395696943
day_1,Cold cloudy day,0.45,5,1.25,-1.4936,0.0,20.0,building_2,1.9613095782597023
day_1,Cold cloudy day,0.45,6,1.5,-1.4743,0.0,20.0,building_2,1.959183980871757
day_1,Cold cloudy day,0.45,7,1.75,-1.4424,0.0,20.0,building_2,1.9556706877797656
day_1,Cold cloudy day,0.45,8,2.0,-1.3978,0.0,20.0,building_2,1.9507586855257584
day_1,Cold cloudy day,0.45,9,2.25,-1.3408,0.0,20.0,building_2,1.9444810144836415
day_1,Cold cloudy day,0.45,10,2.5,-1.2716,0.0,20.0,building_2,1.9368597015693516
day_1,Cold cloudy day,0.45,11,2.75,-1.1906,0.0,20.0,building_2,1.9279388006147644
day_1,Cold cloudy day,0.45,12,3.0,-1.0981,0.0,20.0,building_2,1.9177513519937852
day_1,Cold cloudy day,0.45,13,3.25,-0.9944,0.0,20.0,building_2,1.9063303960803197
day_1,Cold cloudy day,0.45,14,3.5,-0.8801,0.0,20.0,building_2,1.8937420136221799
day_1,Cold cloudy day,0.45,15,3.75,-0.7555,0.0,20.0,building_2,1.8800192449932718
day_1,Cold cloudy day,0.45,16,4.0,-0.6213,0.0,20.0,building_2,1.8652391843993752
day_1,Cold cloudy day,0.45,17,4.25,-0.478,0.0,20.0,building_2,1.8494568991303337
day_1,Cold cloudy day,0.45,18,4.5,-0.3263,0.0,20.0,building_2,1.8327494833919276
day_1,Cold cloudy day,0.45,19,4.75,-0.1667,0.0,20.0,building_2,1.8151720044739998
day_1,Cold cloudy day,0.45,20,5.0,0.0,0.0,20.0,building_2,1.7968125700403
day_1,Cold cloudy day,0.45,21,5.25,0.1731,0.0,20.0,building_2,1.777748274296608
day_1,Cold cloudy day,0.45,22,5.5,0.3519,0.0,20.0,building_2,1.7580562114487042
day_1,Cold cloudy day,0.45,23,5.75,0.5357,0.0,20.0,building_2,1.737813475702369
day_1,Cold cloudy day,0.45,24,6.0,0.7235,0.0,20.0,building_2,1.7171302016372887
day_1,Cold cloudy day,0.45,25,6.25,0.9147,0.0,20.0,building_2,1.6960724700012757
day_1,Cold cloudy day,0.45,26,6.5,1.1084,0.0,20.0,building_2,1.6747394019160464
day_1,Cold cloudy day,0.45,27,6.75,1.3038,0.0,20.0,building_2,1.6532191050453506
day_1,Cold cloudy day,0.45,28,7.0,1.5,0.0,20.0,building_2,1.631610700510906
day_1,Cold cloudy day,0.45,29,7.25,1.6962,4.5782,20.0,building_2,1.602111347443317
day_1,Cold cloudy day,0.45,30,7.5,1.8916,9.1368,20.0,building_2,1.572733884441131
day_1,Cold cloudy day,0.45,31,7.75,2.0853,13.6563,20.0,building_2,1.543611042668526
day_1,Cold cloudy day,0.45,32,8.0,2.2765,18.1173,20.0,building_2,1.5148643674725206
day_1,Cold cloudy day,0.45,33,8.25,2.4643,22.5008,20.0,building_2,1.486625728221333
day_1,Cold cloudy day,0.45,34,8.5,2.6481,26.7878,20.0,building_2,1.4589939539092764
day_1,Cold cloudy day,0.45,35,8.75,2.8269,30.9602,20.0,building_2,1.4321103761298075
day_1,Cold cloudy day,0.45,36,9.0,3.0,35.0,20.0,building_2,1.4060831137432879
day_1,Cold cloudy day,0.45,37,9.25,3.1667,38.8899,20.0,building_2,1.3810190790957315
day_1,Cold cloudy day,0.45,38,9.5,3.3263,42.6133,20.0,building_2,1.3570239780188094
day_1,Cold cloudy day,0.45,39,9.75,3.478,46.1542,20.0,building_2,1.3342134956470084
day_1,Cold cloudy day,0.45,40,10.0,3.6213,49.4975,20.0,building_2,1.3126687255081797
day_1,Cold cloudy day,0.45,41,10.25,3.7555,52.6288,20.0,building_2,1.2924915815317672
day_1,Cold cloudy day,0.45,42,10.5,3.8801,55.5347,20.0,building_2,1.2737602271393578
day_1,Cold cloudy day,0.45,43,10.75,3.9944,58.2029,20.0,building_2,1.2565729567173598
day_1,Cold cloudy day,0.45,44,11.0,4.0981,60.6218,20.0,building_2,1.2409828043059647
day_1,Cold cloudy day,0.45,45,11.25,4.1906,62.7811,20.0,building_2,1.227073603649771
day_1,Cold cloudy day,0.45,46,11.5,4.2716,64.6716,20.0,building_2,1.2148942521683592
day_1,Cold cloudy day,0.45,47,11.75,4.3408,66.2851,20.0,building_2,1.2044919236893876
day_1,Cold cloudy day,0.45,48,12.0,4.3978,67.6148,20.0,building_2,1.1959223924697944
day_1,Cold cloudy day,0.45,49,12.25,4.4424,68.655,20.0,building_2,1.1892175098994673
day_1,Cold cloudy day,0.45,50,12.5,4.4743,69.4011,20.0,building_2,1.1844182448751486
day_1,Cold cloudy day,0.45,51,12.75,4.4936,69.8501,20.0,building_2,1.181518754714633
day_1,Cold cloudy day,0.45,52,13.0,4.5,70.0,20.0,building_2,1.1805555269756693
day_1,Cold cloudy day,0.45,53,13.25,4.4936,69.8501,20.0,building_2,1.181518754714633
day_1,Cold cloudy day,0.45,54,13.5,4.4743,69.4011,20.0,building_2,1.1844182448751486
day_1,Cold cloudy day,0.45,55,13.75,4.4424,68.655,20.0,building_2,1.1892175098994673
day_1,Cold cloudy day,0.45,56,14.0,4.3978,67.6148,20.0,building_2,1.1959223924697944
day_1,Cold cloudy day,0.45,57,14.25,4.3408,66.2851,20.0,building_2,1.2044919236893876
day_1,Cold cloudy day,0.45,58,14.5,4.2716,64.6716,20.0,building_2,1.2148942521683592
day_1,Cold cloudy day,0.45,59,14.75,4.1906,62.7811,20.0,building_2,1.227073603649771
day_1,Cold cloudy day,0.45,60,15.0,4.0981,60.6218,20.0,building_2,1.2409828043059647
day_1,Cold cloudy day,0.45,61,15.25,3.9944,58.2029,20.0,building_2,1.2565729567173598
day_1,Cold cloudy day,0.45,62,15.5,3.8801,55.5347,20.0,building_2,1.2737602271393578
day_1,Cold cloudy day,0.45,63,15.75,3.7555,52.6288,20.0,building_2,1.2924915815317672
day_1,Cold cloudy day,0.45,64,16.0,3.6213,49.4975,20.0,building_2,1.3126687255081797
day_1,Cold cloudy day,0.45,65,16.25,3.478,46.1542,20.0,building_2,1.3342134956470084
day_1,Cold cloudy day,0.45,66,16.5,3.3263,42.6133,20.0,building_2,1.3570239780188094
day_1,Cold cloudy day,0.45,67,16.75,3.1667,38.8899,20.0,building_2,1.3810190790957315
day_1,Cold cloudy day,0.45,68,17.0,3.0,35.0,20.0,building_2,1.4060831137432879
day_1,Cold cloudy day,0.45,69,17.25,2.8269,30.9602,20.0,building_2,1.4321103761298075
day_1,Cold cloudy day,0.45,70,17.5,2.6481,26.7878,20.0,building_2,1.4589939539092764
day_1,Cold cloudy day,0.45,71,17.75,2.4643,22.5008,20.0,building_2,1.486625728221333
day_1,Cold cloudy day,0.45,72,18.0,2.2765,18.1173,20.0,building_2,1.5148643674725206
day_1,Cold cloudy day,0.45,73,18.25,2.0853,13.6563,20.0,building_2,1.543611042668526
day_1,Cold cloudy day,0.45,74,18.5,1.8916,9.1368,20.0,building_2,1.572733884441131
day_1,Cold cloudy day,0.45,75,18.75,1.6962,4.5782,20.0,building_2,1.602111347443317
day_1,Cold cloudy day,0.45,76,19.0,1.5,0.0,20.0,building_2,1.631610700510906
day_1,Cold cloudy day,0.45,77,19.25,1.3038,0.0,20.0,building_2,1.6532191050453506
day_1,Cold cloudy day,0.45,78,19.5,1.1084,0.0,20.0,building_2,1.6747394019160464
day_1,Cold cloudy day,0.45,79,19.75,0.9147,0.0,20.0,building_2,1.6960724700012757
day_1,Cold cloudy day,0.45,80,20.0,0.7235,0.0,20.0,building_2,1.7171302016372887
day_1,Cold cloudy day,0.45,81,20.25,0.5357,0.0,20.0,building_2,1.737813475702369
day_1,Cold cloudy day,0.45,82,20.5,0.3519,0.0,20.0,building_2,1.7580562114487042
day_1,Cold cloudy day,0.45,83,20.75,0.1731,0.0,20.0,building_2,1.777748274296608
day_1,Cold cloudy day,0.45,84,21.0,-0.0,0.0,20.0,building_2,1.7968125700403
day_1,Cold cloudy day,0.45,85,21.25,-0.1667,0.0,20.0,building_2,1.8151720044739998
day_1,Cold cloudy day,0.45,86,21.5,-0.3263,0.0,20.0,building_2,1.8327494833919276
day_1,Cold cloudy day,0.45,87,21.75,-0.478,0.0,20.0,building_2,1.8494568991303337
day_1,Cold cloudy day,0.45,88,22.0,-0.6213,0.0,20.0,building_2,1.8652391843993752
day_1,Cold cloudy day,0.45,89,22.25,-0.7555,0.0,20.0,building_2,1.8800192449932718
day_1,Cold cloudy day,0.45,90,22.5,-0.8801,0.0,20.0,building_2,1.8937420136221799
day_1,Cold cloudy day,0.45,91,22.75,-0.9944,0.0,20.0,building_2,1.9063303960803197
day_1,Cold cloudy day,0.45,92,23.0,-1.0981,0.0,20.0,building_2,1.9177513519937852
day_1,Cold cloudy day,0.45,93,23.25,-1.1906,0.0,20.0,building_2,1.9279388006147644
day_1,Cold cloudy day,0.45,94,23.5,-1.2716,0.0,20.0,building_2,1.9368597015693516
day_1,Cold cloudy day,0.45,95,23.75,-1.3408,0.0,20.0,building_2,1.9444810144836415
day_1,Cold cloudy day,0.45,0,0.0,-1.3978,0.0,20.0,building_3,1.9860924609980934
day_1,Cold cloudy day,0.45,1,0.25,-1.4424,0.0,20.0,building_3,1.9881371714195053
day_1,Cold cloudy day,0.45,2,0.5,-1.4743,0.0,20.0,building_3,1.9895996436715913
day_1,Cold cloudy day,0.45,3,0.75,-1.4936,0.0,20.0,building_3,1.990484462306866
day_1,Cold cloudy day,0.45,4,1.0,-1.5,0.0,20.0,building_3,1.9907778736677861
day_1,Cold cloudy day,0.45,5,1.25,-1.4936,0.0,20.0,building_3,1.990484462306866
day_1,Cold cloudy day,0.45,6,1.5,-1.4743,0.0,20.0,building_3,1.9895996436715913
day_1,Cold cloudy day,0.45,7,1.75,-1.4424,0.0,20.0,building_3,1.9881371714195053
day_1,Cold cloudy day,0.45,8,2.0,-1.3978,0.0,20.0,building_3,1.9860924609980934
day_1,Cold cloudy day,0.45,9,2.25,-1.3408,0.0,20.0,building_3,1.983479266064899
day_1,Cold cloudy day,0.45,10,2.5,-1.2716,0.0,20.0,building_3,1.9803067557249503
day_1,Cold cloudy day,0.45,11,2.75,-1.1906,0.0,20.0,building_3,1.9765932681883054
day_1,Cold cloudy day,0.45,12,3.0,-1.0981,0.0,20.0,building_3,1.9723525571125071
day_1,Cold cloudy day,0.45,13,3.25,-0.9944,0.0,20.0,building_3,1.9675983761550988
day_1,Cold cloudy day,0.45,14,3.5,-0.8801,0.0,20.0,building_3,1.9623582326311664
day_1,Cold cloudy day,0.45,15,3.75,-0.7555,0.0,20.0,building_3,1.9566458801982534
day_1,Cold cloudy day,0.45,16,4.0,-0.6213,0.0,20.0,building_3,1.9504934107239604
day_1,Cold cloudy day,0.45,17,4.25,-0.478,0.0,20.0,building_3,1.9439237469708588
day_1,Cold cloudy day,0.45,18,4.5,-0.3263,0.0,20.0,building_3,1.9369689808065496
day_1,Cold cloudy day,0.45,19,4.75,-0.1667,0.0,20.0,building_3,1.9296520349936048
day_1,Cold cloudy day,0.45,20,5.0,0.0,0.0,20.0,building_3,1.9220095859521393
day_1,Cold cloudy day,0.45,21,5.25,0.1731,0.0,20.0,building_3,1.9140737255497537
day_1,Cold cloudy day,0.45,22,5.5,0.3519,0.0,20.0,building_3,1.9058765456540487
day_1,Cold cloudy day,0.45,23,5.75,0.5357,0.0,20.0,building_3,1.8974501381326248
day_1,Cold cloudy day,0.45,24,6.0,0.7235,0.0,20.0,building_3,1.8888403485106258
day_1,Cold cloudy day,0.45,25,6.25,0.9147,0.0,20.0,building_3,1.880074684103138
day_1,Cold cloudy day,0.45,26,6.5,1.1084,0.0,20.0,building_3,1.871194405882791
day_1,Cold cloudy day,0.45,27,6.75,1.3038,0.0,20.0,building_3,1.8622361902696993
day_1,Cold cloudy day,0.45,28,7.0,1.5,0.0,20.0,building_3,1.8532412982364925
day_1,Cold cloudy day,0.45,29,7.25,1.6962,4.5782,20.0,building_3,1.8379028709614653
day_1,Cold cloudy day,0.45,30,7.5,1.8916,9.1368,20.0,building_3,1.8226282777865888
day_1,Cold cloudy day,0.45,31,7.75,2.0853,13.6563,20.0,building_3,1.8074857988049362
day_1,Cold cloudy day,0.45,32,8.0,2.2765,18.1173,20.0,building_3,1.792538990997474
day_1,Cold cloudy day,0.45,33,8.25,2.4643,22.5008,20.0,building_3,1.7778554416593155
day_1,Cold cloudy day,0.45,34,8.5,2.6481,26.7878,20.0,building_3,1.7634889844280308
day_1,Cold cloudy day,0.45,35,8.75,2.8269,30.9602,20.0,building_3,1.7495105441149186
day_1,Cold cloudy day,0.45,36,9.0,3.0,35.0,20.0,building_3,1.7359771533141433
day_1,Cold cloudy day,0.45,37,9.25,3.1667,38.8899,20.0,building_3,1.722944874702725
day_1,Cold cloudy day,0.45,38,9.5,3.3263,42.6133,20.0,building_3,1.710468801040539
day_1,Cold cloudy day,0.45,39,9.75,3.478,46.1542,20.0,building_3,1.6986077782824238
day_1,Cold cloudy day,0.45,40,10.0,3.6213,49.4975,20.0,building_3,1.687405651689346
day_1,Cold cloudy day,0.45,41,10.25,3.7555,52.6288,20.0,building_3,1.6769144657101576
day_1,Cold cloudy day,0.45,42,10.5,3.8801,55.5347,20.0,building_3,1.66717571009276
day_1,Cold cloudy day,0.45,43,10.75,3.9944,58.2029,20.0,building_3,1.6582385195345728
day_1,Cold cloudy day,0.45,44,11.0,4.0981,60.6218,20.0,building_3,1.6501327206058132
day_1,Cold cloudy day,0.45,45,11.25,4.1906,62.7811,20.0,building_3,1.6429000922595454
day_1,Cold cloudy day,0.45,46,11.5,4.2716,64.6716,20.0,building_3,1.6365671356357785
day_1,Cold cloudy day,0.45,47,11.75,4.3408,66.2851,20.0,building_3,1.6311589662786008
day_1,Cold cloudy day,0.45,48,12.0,4.3978,67.6148,20.0,building_3,1.6267033444503278
day_1,Cold cloudy day,0.45,49,12.25,4.4424,68.655,20.0,building_3,1.6232173371527328
day_1,Cold cloudy day,0.45,50,12.5,4.4743,69.4011,20.0,building_3,1.6207210717845917
day_1,Cold cloudy day,0.45,51,12.75,4.4936,69.8501,20.0,building_3,1.619214120581151
day_1,Cold cloudy day,0.45,52,13.0,4.5,70.0,20.0,building_3,1.6187130083917942
day_1,Cold cloudy day,0.45,53,13.25,4.4936,69.8501,20.0,building_3,1.619214120581151
day_1,Cold cloudy day,0.45,54,13.5,4.4743,69.4011,20.0,building_3,1.6207210717845917
day_1,Cold cloudy day,0.45,55,13.75,4.4424,68.655,20.0,building_3,1.6232173371527328
day_1,Cold cloudy day,0.45,56,14.0,4.3978,67.6148,20.0,building_3,1.6267033444503278
day_1,Cold cloudy day,0.45,57,14.25,4.3408,66.2851,20.0,building_3,1.6311589662786008
day_1,Cold cloudy day,0.45,58,14.5,4.2716,64.6716,20.0,building_3,1.6365671356357785
day_1,Cold cloudy day,0.45,59,14.75,4.1906,62.7811,20.0,building_3,1.6429000922595454
day_1,Cold cloudy day,0.45,60,15.0,4.0981,60.6218,20.0,building_3,1.6501327206058132
day_1,Cold cloudy day,0.45,61,15.25,3.9944,58.2029,20.0,building_3,1.6582385195345728
day_1,Cold cloudy day,0.45,62,15.5,3.8801,55.5347,20.0,building_3,1.66717571009276
day_1,Cold cloudy day,0.45,63,15.75,3.7555,52.6288,20.0,building_3,1.6769144657101576
day_1,Cold cloudy day,0.45,64,16.0,3.6213,49.4975,20.0,building_3,1.687405651689346
day_1,Cold cloudy day,0.45,65,16.25,3.478,46.1542,20.0,building_3,1.6986077782824238
day_1,Cold cloudy day,0.45,66,16.5,3.3263,42.6133,20.0,building_3,1.710468801040539
day_1,Cold cloudy day,0.45,67,16.75,3.1667,38.8899,20.0,building_3,1.722944874702725
day_1,Cold cloudy day,0.45,68,17.0,3.0,35.0,20.0,building_3,1.7359771533141433
day_1,Cold cloudy day,0.45,69,17.25,2.8269,30.9602,20.0,building_3,1.7495105441149186
day_1,Cold cloudy day,0.45,70,17.5,2.6481,26.7878,20.0,building_3,1.7634889844280308
day_1,Cold cloudy day,0.45,71,17.75,2.4643,22.5008,20.0,building_3,1.7778554416593155
day_1,Cold cloudy day,0.45,72,18.0,2.2765,18.1173,20.0,building_3,1.792538990997474
day_1,Cold cloudy day,0.45,73,18.25,2.0853,13.6563,20.0,building_3,1.8074857988049362
day_1,Cold cloudy day,0.45,74,18.5,1.8916,9.1368,20.0,building_3,1.8226282777865888
day_1,Cold cloudy day,0.45,75,18.75,1.6962,4.5782,20.0,building_3,1.8379028709614653
day_1,Cold cloudy day,0.45,76,19.0,1.5,0.0,20.0,building_3,1.8532412982364925
day_1,Cold cloudy day,0.45,77,19.25,1.3038,0.0,20.0,building_3,1.8622361902696993
day_1,Cold cloudy day,0.45,78,19.5,1.1084,0.0,20.0,building_3,1.871194405882791
day_1,Cold cloudy day,0.45,79,19.75,0.9147,0.0,20.0,building_3,1.880074684103138
day_1,Cold cloudy day,0.45,80,20.0,0.7235,0.0,20.0,building_3,1.8888403485106258
day_1,Cold cloudy day,0.45,81,20.25,0.5357,0.0,20.0,building_3,1.8974501381326248
day_1,Cold cloudy day,0.45,82,20.5,0.3519,0.0,20.0,building_3,1.9058765456540487
day_1,Cold cloudy day,0.45,83,20.75,0.1731,0.0,20.0,building_3,1.9140737255497537
day_1,Cold cloudy day,0.45,84,21.0,-0.0,0.0,20.0,building_3,1.9220095859521393
day_1,Cold cloudy day,0.45,85,21.25,-0.1667,0.0,20.0,building_3,1.9296520349936048
day_1,Cold cloudy day,0.45,86,21.5,-0.3263,0.0,20.0,building_3,1.9369689808065496
day_1,Cold cloudy day,0.45,87,21.75,-0.478,0.0,20.0,building_3,1.9439237469708588
day_1,Cold cloudy day,0.45,88,22.0,-0.6213,0.0,20.0,building_3,1.9504934107239604
day_1,Cold cloudy day,0.45,89,22.25,-0.7555,0.0,20.0,building_3,1.9566458801982534
day_1,Cold cloudy day,0.45,90,22.5,-0.8801,0.0,20.0,building_3,1.9623582326311664
day_1,Cold cloudy day,0.45,91,22.75,-0.9944,0.0,20.0,building_3,1.9675983761550988
day_1,Cold cloudy day,0.45,92,23.0,-1.0981,0.0,20.0,building_3,1.9723525571125071
day_1,Cold cloudy day,0.45,93,23.25,-1.1906,0.0,20.0,building_3,1.9765932681883054
day_1,Cold cloudy day,0.45,94,23.5,-1.2716,0.0,20.0,building_3,1.9803067557249503
day_1,Cold cloudy day,0.45,95,23.75,-1.3408,0.0,20.0,building_3,1.983479266064899
day_1,Cold cloudy day,0.45,0,0.0,-1.3978,0.0,20.0,4,2.195830875463627
day_1,Cold cloudy day,0.45,1,0.25,-1.4424,0.0,20.0,4,2.203776305569628
day_1,Cold cloudy day,0.45,2,0.5,-1.4743,0.0,20.0,4,2.2094592477306474
day_1,Cold cloudy day,0.45,3,0.75,-1.4936,0.0,20.0,4,2.212897516812392
day_1,Cold cloudy day,0.45,4,1.0,-1.5,0.0,20.0,4,2.2140376682177374
day_1,Cold cloudy day,0.45,5,1.25,-1.4936,0.0,20.0,4,2.212897516812392
day_1,Cold cloudy day,0.45,6,1.5,-1.4743,0.0,20.0,4,2.2094592477306474
day_1,Cold cloudy day,0.45,7,1.75,-1.4424,0.0,20.0,4,2.203776305569628
day_1,Cold cloudy day,0.45,8,2.0,-1.3978,0.0,20.0,4,2.195830875463627
day_1,Cold cloudy day,0.45,9,2.25,-1.3408,0.0,20.0,4,2.1856764020097694
day_1,Cold cloudy day,0.45,10,2.5,-1.2716,0.0,20.0,4,2.1733485149394713
day_1,Cold cloudy day,0.45,11,2.75,-1.1906,0.0,20.0,4,2.158918473715568
day_1,Cold cloudy day,0.45,12,3.0,-1.0981,0.0,20.0,4,2.142439722935184
day_1,Cold cloudy day,0.45,13,3.25,-0.9944,0.0,20.0,4,2.1239657071954454
day_1,Cold cloudy day,0.45,14,3.5,-0.8801,0.0,20.0,4,2.103603315690604
day_1,Cold cloudy day,0.45,15,3.75,-0.7555,0.0,20.0,4,2.0814059930177846
day_1,Cold cloudy day,0.45,16,4.0,-0.6213,0.0,20.0,4,2.0574984432369474
day_1,Cold cloudy day,0.45,17,4.25,-0.478,0.0,20.0,4,2.031969740676634
day_1,Cold cloudy day,0.45,18,4.5,-0.3263,0.0,20.0,4,2.0049445893968043
day_1,Cold cloudy day,0.45,19,4.75,-0.1667,0.0,20.0,4,1.9765120637260012
day_1,Cold cloudy day,0.45,20,5.0,0.0,0.0,20.0,4,1.946814682589894
day_1,Cold cloudy day,0.45,21,5.25,0.1731,0.0,20.0,4,1.9159771500484404
day_1,Cold cloudy day,0.45,22,5.5,0.3519,0.0,20.0,4,1.8841241701616018
day_1,Cold cloudy day,0.45,23,5.75,0.5357,0.0,20.0,4,1.8513804469893371
day_1,Cold cloudy day,0.45,24,6.0,0.7235,0.0,20.0,4,1.8179241291887303
day_1,Cold cloudy day,0.45,25,6.25,0.9147,0.0,20.0,4,1.7838621059540347
day_1,Cold cloudy day,0.45,26,6.5,1.1084,0.0,20.0,4,1.749354711076626
day_1,Cold cloudy day,0.45,27,6.75,1.3038,0.0,20.0,4,1.7145444634821725
day_1,Cold cloudy day,0.45,28,7.0,1.5,0.0,20.0,4,1.6795916969620504
day_1,Cold cloudy day,0.45,29,7.25,1.6962,4.5782,20.0,4,1.6432339904953543
day_1,Cold cloudy day,0.45,30,7.5,1.8916,9.1368,20.0,4,1.6070248177249689
day_1,Cold cloudy day,0.45,31,7.75,2.0853,13.6563,20.0,4,1.5711304965253066
day_1,Cold cloudy day,0.45,32,8.0,2.2765,18.1173,20.0,4,1.5356994992174673
day_1,Cold cloudy day,0.45,33,8.25,2.4643,22.5008,20.0,4,1.5008979902378374
day_1,Cold cloudy day,0.45,34,8.5,2.6481,26.7878,20.0,4,1.4668386894256786
day_1,Cold cloudy day,0.45,35,8.75,2.8269,30.9602,20.0,4,1.4337052998946376
day_1,Cold cloudy day,0.45,36,9.0,3.0,35.0,20.0,4,1.4016280494736322
day_1,Cold cloudy day,0.45,37,9.25,3.1667,38.8899,20.0,4,1.3707369511783403
day_1,Cold cloudy day,0.45,38,9.5,3.3263,42.6133,20.0,4,1.3411618032112045
day_1,Cold cloudy day,0.45,39,9.75,3.478,46.1542,20.0,4,1.313050034514743
day_1,Cold cloudy day,0.45,40,10.0,3.6213,49.4975,20.0,4,1.286495353245902
day_1,Cold cloudy day,0.45,41,10.25,3.7555,52.6288,20.0,4,1.261626882479807
day_1,Cold cloudy day,0.45,42,10.5,3.8801,55.5347,20.0,4,1.2385378086841123
day_1,Cold cloudy day,0.45,43,10.75,3.9944,58.2029,20.0,4,1.217356610494231
day_1,Cold cloudy day,0.45,44,11.0,4.0981,60.6218,20.0,4,1.1981402922695057
day_1,Cold cloudy day,0.45,45,11.25,4.1906,62.7811,20.0,4,1.180998904027535
day_1,Cold cloudy day,0.45,46,11.5,4.2716,64.6716,20.0,4,1.165988713625134
day_1,Cold cloudy day,0.45,47,11.75,4.3408,66.2851,20.0,4,1.1531656820430636
day_1,Cold cloudy day,0.45,48,12.0,4.3978,67.6148,20.0,4,1.1426031555013199
day_1,Cold cloudy day,0.45,49,12.25,4.4424,68.655,20.0,4,1.134338512924822
day_1,Cold cloudy day,0.45,50,12.5,4.4743,69.4011,20.0,4,1.1284266105405412
day_1,Cold cloudy day,0.45,51,12.75,4.4936,69.8501,20.0,4,1.124850554110928
day_1,Cold cloudy day,0.45,52,13.0,4.5,70.0,20.0,4,1.1236644019852136
day_1,Cold cloudy day,0.45,53,13.25,4.4936,69.8501,20.0,4,1.124850554110928
day_1,Cold cloudy day,0.45,54,13.5,4.4743,69.4011,20.0,4,1.1284266105405412
day_1,Cold cloudy day,0.45,55,13.75,4.4424,68.655,20.0,4,1.134338512924822
day_1,Cold cloudy day,0.45,56,14.0,4.3978,67.6148,20.0,4,1.1426031555013199
day_1,Cold cloudy day,0.45,57,14.25,4.3408,66.2851,20.0,4,1.1531656820430636
day_1,Cold cloudy day,0.45,58,14.5,4.2716,64.6716,20.0,4,1.165988713625134
day_1,Cold cloudy day,0.45,59,14.75,4.1906,62.7811,20.0,4,1.180998904027535
day_1,Cold cloudy day,0.45,60,15.0,4.0981,60.6218,20.0,4,1.1981402922695057
day_1,Cold cloudy day,0.45,61,15.25,3.9944,58.2029,20.0,4,1.217356610494231
day_1,Cold cloudy day,0.45,62,15.5,3.8801,55.5347,20.0,4,1.2385378086841123
day_1,Cold cloudy day,0.45,63,15.75,3.7555,52.6288,20.0,4,1.261626882479807
day_1,Cold cloudy day,0.45,64,16.0,3.6213,49.4975,20.0,4,1.286495353245902
day_1,Cold cloudy day,0.45,65,16.25,3.478,46.1542,20.0,4,1.313050034514743
day_1,Cold cloudy day,0.45,66,16.5,3.3263,42.6133,20.0,4,1.3411618032112045
day_1,Cold cloudy day,0.45,67,16.75,3.1667,38.8899,20.0,4,1.3707369511783403
day_1,Cold cloudy day,0.45,68,17.0,3.0,35.0,20.0,4,1.4016280494736322
day_1,Cold cloudy day,0.45,69,17.25,2.8269,30.9602,20.0,4,1.4337052998946376
day_1,Cold cloudy day,0.45,70,17.5,2.6481,26.7878,20.0,4,1.4668386894256786
day_1,Cold cloudy day,0.45,71,17.75,2.4643,22.5008,20.0,4,1.5008979902378374
day_1,Cold cloudy day,0.45,72,18.0,2.2765,18.1173,20.0,4,1.5356994992174673
day_1,Cold cloudy day,0.45,73,18.25,2.0853,13.6563,20.0,4,1.5711304965253066
day_1,Cold cloudy day,0.45,74,18.5,1.8916,9.1368,20.0,4,1.6070248177249689
day_1,Cold cloudy day,0.45,75,18.75,1.6962,4.5782,20.0,4,1.6432339904953543
day_1,Cold cloudy day,0.45,76,19.0,1.5,0.0,20.0,4,1.6795916969620504
day_1,Cold cloudy day,0.45,77,19.25,1.3038,0.0,20.0,4,1.7145444634821725
day_1,Cold cloudy day,0.45,78,19.5,1.1084,0.0,20.0,4,1.749354711076626
day_1,Cold cloudy day,0.45,79,19.75,0.9147,0.0,20.0,4,1.7838621059540347
day_1,Cold cloudy day,0.45,80,20.0,0.7235,0.0,20.0,4,1.8179241291887303
day_1,Cold cloudy day,0.45,81,20.25,0.5357,0.0,20.0,4,1.8513804469893371
day_1,Cold cloudy day,0.45,82,20.5,0.3519,0.0,20.0,4,1.8841241701616018
day_1,Cold cloudy day,0.45,83,20.75,0.1731,0.0,20.0,4,1.9159771500484404
day_1,Cold cloudy day,0.45,84,21.0,-0.0,0.0,20.0,4,1.946814682589894
day_1,Cold cloudy day,0.45,85,21.25,-0.1667,0.0,20.0,4,1.9765120637260012
day_1,Cold cloudy day,0.45,86,21.5,-0.3263,0.0,20.0,4,2.0049445893968043
day_1,Cold cloudy day,0.45,87,21.75,-0.478,0.0,20.0,4,2.031969740676634
day_1,Cold cloudy day,0.45,88,22.0,-0.6213,0.0,20.0,4,2.0574984432369474
day_1,Cold cloudy day,0.45,89,22.25,-0.7555,0.0,20.0,4,2.0814059930177846
day_1,Cold cloudy day,0.45,90,22.5,-0.8801,0.0,20.0,4,2.103603315690604
day_1,Cold cloudy day,0.45,91,22.75,-0.9944,0.0,20.0,4,2.1239657071954454
day_1,Cold cloudy day,0.45,92,23.0,-1.0981,0.0,20.0,4,2.142439722935184
day_1,Cold cloudy day,0.45,93,23.25,-1.1906,0.0,20.0,4,2.158918473715568
day_1,Cold cloudy day,0.45,94,23.5,-1.2716,0.0,20.0,4,2.1733485149394713
day_1,Cold cloudy day,0.45,95,23.75,-1.3408,0.0,20.0,4,2.1856764020097694
day_2,Mild cloudy day,0.35,0,0.0,5.6022,0.0,20.0,building_1,3.872281867151954
day_2,Mild cloudy day,0.35,1,0.25,5.5576,0.0,20.0,building_1,3.8834323018255903
day_2,Mild cloudy day,0.35,2,0.5,5.5257,0.0,20.0,building_1,3.8914076127244472
day_2,Mild cloudy day,0.35,3,0.75,5.5064,0.0,20.0,building_1,3.8962328008231286
day_2,Mild cloudy day,0.35,4,1.0,5.5,0.0,20.0,building_1,3.897832863197821
day_2,Mild cloudy day,0.35,5,1.25,5.5064,0.0,20.0,building_1,3.8962328008231286
day_2,Mild cloudy day,0.35,6,1.5,5.5257,0.0,20.0,building_1,3.8914076127244472
day_2,Mild cloudy day,0.35,7,1.75,5.5576,0.0,20.0,building_1,3.8834323018255903
day_2,Mild cloudy day,0.35,8,2.0,5.6022,0.0,20.0,building_1,3.872281867151954
day_2,Mild cloudy day,0.35,9,2.25,5.6592,0.0,20.0,building_1,3.858031311627351
day_2,Mild cloudy day,0.35,10,2.5,5.7284,0.0,20.0,building_1,3.840730637200991
day_2,Mild cloudy day,0.35,11,2.75,5.8094,0.0,20.0,building_1,3.820479847771292
day_2,Mild cloudy day,0.35,12,3.0,5.9019,0.0,20.0,building_1,3.797353946262068
day_2,Mild cloudy day,0.35,13,3.25,6.0056,0.0,20.0,building_1,3.7714279355971323
day_2,Mild cloudy day,0.35,14,3.5,6.1199,0.0,20.0,building_1,3.7428518216241127
day_2,Mild cloudy day,0.35,15,3.75,6.2445,0.0,20.0,building_1,3.711700607266823
day_2,Mild cloudy day,0.35,16,4.0,6.3787,0.0,20.0,building_1,3.678149299347495
day_2,Mild cloudy day,0.35,17,4.25,6.522,0.0,20.0,building_1,3.6423229027391515
day_2,Mild cloudy day,0.35,18,4.5,6.6737,0.0,20.0,building_1,3.604396424264024
day_2,Mild cloudy day,0.35,19,4.75,6.8333,0.0,20.0,building_1,3.5644948687951357
day_2,Mild cloudy day,0.35,20,5.0,7.0,0.0,20.0,building_1,3.5228182441293234
day_2,Mild cloudy day,0.35,21,5.25,7.1731,0.0,20.0,building_1,3.479541557088819
day_2,Mild cloudy day,0.35,22,5.5,7.3519,0.0,20.0,building_1,3.434839814495854
day_2,Mild cloudy day,0.35,23,5.75,7.5357,0.0,20.0,building_1,3.388888023172661
day_2,Mild cloudy day,0.35,24,6.0,7.7235,0.0,20.0,building_1,3.341936192865285
day_2,Mild cloudy day,0.35,25,6.25,7.9147,0.0,20.0,building_1,3.294134329421354
day_2,Mild cloudy day,0.35,26,6.5,8.1084,0.0,20.0,building_1,3.245707441612309
day_2,Mild cloudy day,0.35,27,6.75,8.3038,0.0,20.0,building_1,3.1968555372349856
day_2,Mild cloudy day,0.35,28,7.0,8.5,0.0,20.0,building_1,3.1478036250608263
day_2,Mild cloudy day,0.35,29,7.25,8.6962,4.5782,20.0,building_1,3.0457161817076366
day_2,Mild cloudy day,0.35,30,7.5,8.8916,9.1368,20.0,building_1,2.944055799668191
day_2,Mild cloudy day,0.35,31,7.75,9.0853,13.6563,20.0,building_1,2.8432733827945285
day_2,Mild cloudy day,0.35,32,8.0,9.2765,18.1173,20.0,building_1,2.743793675527773
day_2,Mild cloudy day,0.35,33,8.25,9.4643,22.5008,20.0,building_1,2.6460617895384084
day_2,Mild cloudy day,0.35,34,8.5,9.6481,26.7878,20.0,building_1,2.550447833573106
day_2,Mild cloudy day,0.35,35,8.75,9.8269,30.9602,20.0,building_1,2.4574114943501577
day_2,Mild cloudy day,0.35,36,9.0,10.0,35.0,20.0,building_1,2.367336297227733
day_2,Mild cloudy day,0.35,37,9.25,10.1667,38.8899,20.0,building_1,2.2805976585098233
day_2,Mild cloudy day,0.35,38,9.5,10.3263,42.6133,20.0,building_1,2.197562885446247
day_2,Mild cloudy day,0.35,39,9.75,10.478,46.1542,20.0,building_1,2.1186173356435605
day_2,Mild cloudy day,0.35,40,10.0,10.6213,49.4975,20.0,building_1,2.044060937857712
day_2,Mild cloudy day,0.35,41,10.25,10.7555,52.6288,20.0,building_1,1.9742355137396812
day_2,Mild cloudy day,0.35,42,10.5,10.8801,55.5347,20.0,building_1,1.909421298628133
day_2,Mild cloudy day,0.35,43,10.75,10.9944,58.2029,20.0,building_1,1.8499357870115225
day_2,Mild cloudy day,0.35,44,11.0,11.0981,60.6218,20.0,building_1,1.79598836042571
day_2,Mild cloudy day,0.35,45,11.25,11.1906,62.7811,20.0,building_1,1.7478483436583323
day_2,Mild cloudy day,0.35,46,11.5,11.2716,64.6716,20.0,building_1,1.7056973157737918
day_2,Mild cloudy day,0.35,47,11.75,11.3408,66.2851,20.0,building_1,1.6697052714733833
day_2,Mild cloudy day,0.35,48,12.0,11.3978,67.6148,20.0,building_1,1.6400509883246581
day_2,Mild cloudy day,0.35,49,12.25,11.4424,68.655,20.0,building_1,1.6168504991465382
day_2,Mild cloudy day,0.35,50,12.5,11.4743,69.4011,20.0,building_1,1.6002320949331308
day_2,Mild cloudy day,0.35,51,12.75,11.4936,69.8501,20.0,building_1,1.5902055277991551
day_2,Mild cloudy day,0.35,52,13.0,11.5,70.0,20.0,building_1,1.5868689693946392
day_2,Mild cloudy day,0.35,53,13.25,11.4936,69.8501,20.0,building_1,1.5902055277991551
day_2,Mild cloudy day,0.35,54,13.5,11.4743,69.4011,20.0,building_1,1.6002320949331308
day_2,Mild cloudy day,0.35,55,13.75,11.4424,68.655,20.0,building_1,1.6168504991465382
day_2,Mild cloudy day,0.35,56,14.0,11.3978,67.6148,20.0,building_1,1.6400509883246581
day_2,Mild cloudy day,0.35,57,14.25,11.3408,66.2851,20.0,building_1,1.6697052714733833
day_2,Mild cloudy day,0.35,58,14.5,11.2716,64.6716,20.0,building_1,1.7056973157737918
day_2,Mild cloudy day,0.35,59,14.75,11.1906,62.7811,20.0,building_1,1.7478483436583323
day_2,Mild cloudy day,0.35,60,15.0,11.0981,60.6218,20.0,building_1,1.79598836042571
day_2,Mild cloudy day,0.35,61,15.25,10.9944,58.2029,20.0,building_1,1.8499357870115225
day_2,Mild cloudy day,0.35,62,15.5,10.8801,55.5347,20.0,building_1,1.909421298628133
day_2,Mild cloudy day,0.35,63,15.75,10.7555,52.6288,20.0,building_1,1.9742355137396812
day_2,Mild cloudy day,0.35,64,16.0,10.6213,49.4975,20.0,building_1,2.044060937857712
day_2,Mild cloudy day,0.35,65,16.25,10.478,46.1542,20.0,building_1,2.1186173356435605
day_2,Mild cloudy day,0.35,66,16.5,10.3263,42.6133,20.0,building_1,2.197562885446247
day_2,Mild cloudy day,0.35,67,16.75,10.1667,38.8899,20.0,building_1,2.2805976585098233
day_2,Mild cloudy day,0.35,68,17.0,10.0,35.0,20.0,building_1,2.367336297227733
day_2,Mild cloudy day,0.35,69,17.25,9.8269,30.9602,20.0,building_1,2.4574114943501577
day_2,Mild cloudy day,0.35,70,17.5,9.6481,26.7878,20.0,building_1,2.550447833573106
day_2,Mild cloudy day,0.35,71,17.75,9.4643,22.5008,20.0,building_1,2.6460617895384084
day_2,Mild cloudy day,0.35,72,18.0,9.2765,18.1173,20.0,building_1,2.743793675527773
day_2,Mild cloudy day,0.35,73,18.25,9.0853,13.6563,20.0,building_1,2.8432733827945285
day_2,Mild cloudy day,0.35,74,18.5,8.8916,9.1368,20.0,building_1,2.944055799668191
day_2,Mild cloudy day,0.35,75,18.75,8.6962,4.5782,20.0,building_1,3.0457161817076366
day_2,Mild cloudy day,0.35,76,19.0,8.5,0.0,20.0,building_1,3.1478036250608263
day_2,Mild cloudy day,0.35,77,19.25,8.3038,0.0,20.0,building_1,3.1968555372349856
day_2,Mild cloudy day,0.35,78,19.5,8.1084,0.0,20.0,building_1,3.245707441612309
day_2,Mild cloudy day,0.35,79,19.75,7.9147,0.0,20.0,building_1,3.294134329421354
day_2,Mild cloudy day,0.35,80,20.0,7.7235,0.0,20.0,building_1,3.341936192865285
day_2,Mild cloudy day,0.35,81,20.25,7.5357,0.0,20.0,building_1,3.388888023172661
day_2,Mild cloudy day,0.35,82,20.5,7.3519,0.0,20.0,building_1,3.434839814495854
day_2,Mild cloudy day,0.35,83,20.75,7.1731,0.0,20.0,building_1,3.479541557088819
day_2,Mild cloudy day,0.35,84,21.0,7.0,0.0,20.0,building_1,3.5228182441293234
day_2,Mild cloudy day,0.35,85,21.25,6.8333,0.0,20.0,building_1,3.5644948687951357
day_2,Mild cloudy day,0.35,86,21.5,6.6737,0.0,20.0,building_1,3.604396424264024
day_2,Mild cloudy day,0.35,87,21.75,6.522,0.0,20.0,building_1,3.6423229027391515
day_2,Mild cloudy day,0.35,88,22.0,6.3787,0.0,20.0,building_1,3.678149299347495
day_2,Mild cloudy day,0.35,89,22.25,6.2445,0.0,20.0,building_1,3.711700607266823
day_2,Mild cloudy day,0.35,90,22.5,6.1199,0.0,20.0,building_1,3.7428518216241127
day_2,Mild cloudy day,0.35,91,22.75,6.0056,0.0,20.0,building_1,3.7714279355971323
day_2,Mild cloudy day,0.35,92,23.0,5.9019,0.0,20.0,building_1,3.797353946262068
day_2,Mild cloudy day,0.35,93,23.25,5.8094,0.0,20.0,building_1,3.820479847771292
day_2,Mild cloudy day,0.35,94,23.5,5.7284,0.0,20.0,building_1,3.840730637200991
day_2,Mild cloudy day,0.35,95,23.75,5.6592,0.0,20.0,building_1,3.858031311627351
day_2,Mild cloudy day,0.35,0,0.0,5.6022,0.0,20.0,building_2,1.1798166277219186
day_2,Mild cloudy day,0.35,1,0.25,5.5576,0.0,20.0,building_2,1.1847286299759259
day_2,Mild cloudy day,0.35,2,0.5,5.5257,0.0,20.0,building_2,1.1882419230679178
day_2,Mild cloudy day,0.35,3,0.75,5.5064,0.0,20.0,building_2,1.1903675204558626
day_2,Mild cloudy day,0.35,4,1.0,5.5,0.0,20.0,building_2,1.1910723817658546
day_2,Mild cloudy day,0.35,5,1.25,5.5064,0.0,20.0,building_2,1.1903675204558626
day_2,Mild cloudy day,0.35,6,1.5,5.5257,0.0,20.0,building_2,1.1882419230679178
day_2,Mild cloudy day,0.35,7,1.75,5.5576,0.0,20.0,building_2,1.1847286299759259
day_2,Mild cloudy day,0.35,8,2.0,5.6022,0.0,20.0,building_2,1.1798166277219186
day_2,Mild cloudy day,0.35,9,2.25,5.6592,0.0,20.0,building_2,1.1735389566798018
day_2,Mild cloudy day,0.35,10,2.5,5.7284,0.0,20.0,building_2,1.1659176437655123
day_2,Mild cloudy day,0.35,11,2.75,5.8094,0.0,20.0,building_2,1.1569967428109251
day_2,Mild cloudy day,0.35,12,3.0,5.9019,0.0,20.0,building_2,1.1468092941899455
day_2,Mild cloudy day,0.35,13,3.25,6.0056,0.0,20.0,building_2,1.13538833827648
day_2,Mild cloudy day,0.35,14,3.5,6.1199,0.0,20.0,building_2,1.1227999558183401
day_2,Mild cloudy day,0.35,15,3.75,6.2445,0.0,20.0,building_2,1.109077187189432
day_2,Mild cloudy day,0.35,16,4.0,6.3787,0.0,20.0,building_2,1.0942971265955355
day_2,Mild cloudy day,0.35,17,4.25,6.522,0.0,20.0,building_2,1.078514841326494
day_2,Mild cloudy day,0.35,18,4.5,6.6737,0.0,20.0,building_2,1.0618074255880883
day_2,Mild cloudy day,0.35,19,4.75,6.8333,0.0,20.0,building_2,1.0442299466701606
day_2,Mild cloudy day,0.35,20,5.0,7.0,0.0,20.0,building_2,1.0258705122364606
day_2,Mild cloudy day,0.35,21,5.25,7.1731,0.0,20.0,building_2,1.0068062164927687
day_2,Mild cloudy day,0.35,22,5.5,7.3519,0.0,20.0,building_2,0.9871141536448645
day_2,Mild cloudy day,0.35,23,5.75,7.5357,0.0,20.0,building_2,0.9668714178985295
day_2,Mild cloudy day,0.35,24,6.0,7.7235,0.0,20.0,building_2,0.9461881438334495
day_2,Mild cloudy day,0.35,25,6.25,7.9147,0.0,20.0,building_2,0.9251304121974361
day_2,Mild cloudy day,0.35,26,6.5,8.1084,0.0,20.0,building_2,0.903797344112207
day_2,Mild cloudy day,0.35,27,6.75,8.3038,0.0,20.0,building_2,0.882277047241511
day_2,Mild cloudy day,0.35,28,7.0,8.5,0.0,20.0,building_2,0.8606686427070663
day_2,Mild cloudy day,0.35,29,7.25,8.6962,4.5782,20.0,building_2,0.8311692896394777
day_2,Mild cloudy day,0.35,30,7.5,8.8916,9.1368,20.0,building_2,0.8017918266372915
day_2,Mild cloudy day,0.35,31,7.75,9.0853,13.6563,20.0,building_2,0.7726689848646865
day_2,Mild cloudy day,0.35,32,8.0,9.2765,18.1173,20.0,building_2,0.7439223096686812
day_2,Mild cloudy day,0.35,33,8.25,9.4643,22.5008,20.0,building_2,0.7156836704174937
day_2,Mild cloudy day,0.35,34,8.5,9.6481,26.7878,20.0,building_2,0.6880518961054368
day_2,Mild cloudy day,0.35,35,8.75,9.8269,30.9602,20.0,building_2,0.6611683183259683
day_2,Mild cloudy day,0.35,36,9.0,10.0,35.0,20.0,building_2,0.6351410559394483
day_2,Mild cloudy day,0.35,37,9.25,10.1667,38.8899,20.0,building_2,0.6100770212918921
day_2,Mild cloudy day,0.35,38,9.5,10.3263,42.6133,20.0,building_2,0.5860819202149702
day_2,Mild cloudy day,0.35,39,9.75,10.478,46.1542,20.0,building_2,0.5632714378431689
day_2,Mild cloudy day,0.35,40,10.0,10.6213,49.4975,20.0,building_2,0.5417266677043402
day_2,Mild cloudy day,0.35,41,10.25,10.7555,52.6288,20.0,building_2,0.5215495237279281
day_2,Mild cloudy day,0.35,42,10.5,10.8801,55.5347,20.0,building_2,0.502818169335518
day_2,Mild cloudy day,0.35,43,10.75,10.9944,58.2029,20.0,building_2,0.4856308989135203
day_2,Mild cloudy day,0.35,44,11.0,11.0981,60.6218,20.0,building_2,0.47004074650212513
day_2,Mild cloudy day,0.35,45,11.25,11.1906,62.7811,20.0,building_2,0.45613154584593163
day_2,Mild cloudy day,0.35,46,11.5,11.2716,64.6716,20.0,building_2,0.4439521943645198
day_2,Mild cloudy day,0.35,47,11.75,11.3408,66.2851,20.0,building_2,0.4335498658855482
day_2,Mild cloudy day,0.35,48,12.0,11.3978,67.6148,20.0,building_2,0.4249803346659551
day_2,Mild cloudy day,0.35,49,12.25,11.4424,68.655,20.0,building_2,0.4182754520956279
day_2,Mild cloudy day,0.35,50,12.5,11.4743,69.4011,20.0,building_2,0.4134761870713092
day_2,Mild cloudy day,0.35,51,12.75,11.4936,69.8501,20.0,building_2,0.4105766969107939
day_2,Mild cloudy day,0.35,52,13.0,11.5,70.0,20.0,building_2,0.40961346917183006
day_2,Mild cloudy day,0.35,53,13.25,11.4936,69.8501,20.0,building_2,0.4105766969107939
day_2,Mild cloudy day,0.35,54,13.5,11.4743,69.4011,20.0,building_2,0.4134761870713092
day_2,Mild cloudy day,0.35,55,13.75,11.4424,68.655,20.0,building_2,0.4182754520956279
day_2,Mild cloudy day,0.35,56,14.0,11.3978,67.6148,20.0,building_2,0.4249803346659551
day_2,Mild cloudy day,0.35,57,14.25,11.3408,66.2851,20.0,building_2,0.4335498658855482
day_2,Mild cloudy day,0.35,58,14.5,11.2716,64.6716,20.0,building_2,0.4439521943645198
day_2,Mild cloudy day,0.35,59,14.75,11.1906,62.7811,20.0,building_2,0.45613154584593163
day_2,Mild cloudy day,0.35,60,15.0,11.0981,60.6218,20.0,building_2,0.47004074650212513
day_2,Mild cloudy day,0.35,61,15.25,10.9944,58.2029,20.0,building_2,0.4856308989135203
day_2,Mild cloudy day,0.35,62,15.5,10.8801,55.5347,20.0,building_2,0.502818169335518
day_2,Mild cloudy day,0.35,63,15.75,10.7555,52.6288,20.0,building_2,0.5215495237279281
day_2,Mild cloudy day,0.35,64,16.0,10.6213,49.4975,20.0,building_2,0.5417266677043402
day_2,Mild cloudy day,0.35,65,16.25,10.478,46.1542,20.0,building_2,0.5632714378431689
day_2,Mild cloudy day,0.35,66,16.5,10.3263,42.6133,20.0,building_2,0.5860819202149702
day_2,Mild cloudy day,0.35,67,16.75,10.1667,38.8899,20.0,building_2,0.6100770212918921
day_2,Mild cloudy day,0.35,68,17.0,10.0,35.0,20.0,building_2,0.6351410559394483
day_2,Mild cloudy day,0.35,69,17.25,9.8269,30.9602,20.0,building_2,0.6611683183259683
day_2,Mild cloudy day,0.35,70,17.5,9.6481,26.7878,20.0,building_2,0.6880518961054368
day_2,Mild cloudy day,0.35,71,17.75,9.4643,22.5008,20.0,building_2,0.7156836704174937
day_2,Mild cloudy day,0.35,72,18.0,9.2765,18.1173,20.0,building_2,0.7439223096686812
day_2,Mild cloudy day,0.35,73,18.25,9.0853,13.6563,20.0,building_2,0.7726689848646865
day_2,Mild cloudy day,0.35,74,18.5,8.8916,9.1368,20.0,building_2,0.8017918266372915
day_2,Mild cloudy day,0.35,75,18.75,8.6962,4.5782,20.0,building_2,0.8311692896394777
day_2,Mild cloudy day,0.35,76,19.0,8.5,0.0,20.0,building_2,0.8606686427070663
day_2,Mild cloudy day,0.35,77,19.25,8.3038,0.0,20.0,building_2,0.882277047241511
day_2,Mild cloudy day,0.35,78,19.5,8.1084,0.0,20.0,building_2,0.903797344112207
day_2,Mild cloudy day,0.35,79,19.75,7.9147,0.0,20.0,building_2,0.9251304121974361
day_2,Mild cloudy day,0.35,80,20.0,7.7235,0.0,20.0,building_2,0.9461881438334495
day_2,Mild cloudy day,0.35,81,20.25,7.5357,0.0,20.0,building_2,0.9668714178985295
day_2,Mild cloudy day,0.35,82,20.5,7.3519,0.0,20.0,building_2,0.9871141536448645
day_2,Mild cloudy day,0.35,83,20.75,7.1731,0.0,20.0,building_2,1.0068062164927687
day_2,Mild cloudy day,0.35,84,21.0,7.0,0.0,20.0,building_2,1.0258705122364606
day_2,Mild cloudy day,0.35,85,21.25,6.8333,0.0,20.0,building_2,1.0442299466701606
day_2,Mild cloudy day,0.35,86,21.5,6.6737,0.0,20.0,building_2,1.0618074255880883
day_2,Mild cloudy day,0.35,87,21.75,6.522,0.0,20.0,building_2,1.078514841326494
day_2,Mild cloudy day,0.35,88,22.0,6.3787,0.0,20.0,building_2,1.0942971265955355
day_2,Mild cloudy day,0.35,89,22.25,6.2445,0.0,20.0,building_2,1.109077187189432
day_2,Mild cloudy day,0.35,90,22.5,6.1199,0.0,20.0,building_2,1.1227999558183401
day_2,Mild cloudy day,0.35,91,22.75,6.0056,0.0,20.0,building_2,1.13538833827648
day_2,Mild cloudy day,0.35,92,23.0,5.9019,0.0,20.0,building_2,1.1468092941899455
day_2,Mild cloudy day,0.35,93,23.25,5.8094,0.0,20.0,building_2,1.1569967428109251
day_2,Mild cloudy day,0.35,94,23.5,5.7284,0.0,20.0,building_2,1.1659176437655123
day_2,Mild cloudy day,0.35,95,23.75,5.6592,0.0,20.0,building_2,1.1735389566798018
day_2,Mild cloudy day,0.35,0,0.0,5.6022,0.0,20.0,building_3,1.6651737849917418
day_2,Mild cloudy day,0.35,1,0.25,5.5576,0.0,20.0,building_3,1.6672184954131537
day_2,Mild cloudy day,0.35,2,0.5,5.5257,0.0,20.0,building_3,1.6686809676652397
day_2,Mild cloudy day,0.35,3,0.75,5.5064,0.0,20.0,building_3,1.6695657863005144
day_2,Mild cloudy day,0.35,4,1.0,5.5,0.0,20.0,building_3,1.6698591976614345
day_2,Mild cloudy day,0.35,5,1.25,5.5064,0.0,20.0,building_3,1.6695657863005144
day_2,Mild cloudy day,0.35,6,1.5,5.5257,0.0,20.0,building_3,1.6686809676652397
day_2,Mild cloudy day,0.35,7,1.75,5.5576,0.0,20.0,building_3,1.6672184954131537
day_2,Mild cloudy day,0.35,8,2.0,5.6022,0.0,20.0,building_3,1.6651737849917418
day_2,Mild cloudy day,0.35,9,2.25,5.6592,0.0,20.0,building_3,1.6625605900585474
day_2,Mild cloudy day,0.35,10,2.5,5.7284,0.0,20.0,building_3,1.6593880797185987
day_2,Mild cloudy day,0.35,11,2.75,5.8094,0.0,20.0,building_3,1.6556745921819538
day_2,Mild cloudy day,0.35,12,3.0,5.9019,0.0,20.0,building_3,1.6514338811061555
day_2,Mild cloudy day,0.35,13,3.25,6.0056,0.0,20.0,building_3,1.6466797001487472
day_2,Mild cloudy day,0.35,14,3.5,6.1199,0.0,20.0,building_3,1.6414395566248148
day_2,Mild cloudy day,0.35,15,3.75,6.2445,0.0,20.0,building_3,1.6357272041919018
day_2,Mild cloudy day,0.35,16,4.0,6.3787,0.0,20.0,building_3,1.6295747347176086
day_2,Mild cloudy day,0.35,17,4.25,6.522,0.0,20.0,building_3,1.6230050709645072
day_2,Mild cloudy day,0.35,18,4.5,6.6737,0.0,20.0,building_3,1.6160503048001982
day_2,Mild cloudy day,0.35,19,4.75,6.8333,0.0,20.0,building_3,1.6087333589872532
day_2,Mild cloudy day,0.35,20,5.0,7.0,0.0,20.0,building_3,1.6010909099457877
day_2,Mild cloudy day,0.35,21,5.25,7.1731,0.0,20.0,building_3,1.5931550495434021
day_2,Mild cloudy day,0.35,22,5.5,7.3519,0.0,20.0,building_3,1.5849578696476971
day_2,Mild cloudy day,0.35,23,5.75,7.5357,0.0,20.0,building_3,1.5765314621262732
day_2,Mild cloudy day,0.35,24,6.0,7.7235,0.0,20.0,building_3,1.5679216725042742
day_2,Mild cloudy day,0.35,25,6.25,7.9147,0.0,20.0,building_3,1.5591560080967863
day_2,Mild cloudy day,0.35,26,6.5,8.1084,0.0,20.0,building_3,1.5502757298764394
day_2,Mild cloudy day,0.35,27,6.75,8.3038,0.0,20.0,building_3,1.5413175142633477
day_2,Mild cloudy day,0.35,28,7.0,8.5,0.0,20.0,building_3,1.532322622230141
day_2,Mild cloudy day,0.35,29,7.25,8.6962,4.5782,20.0,building_3,1.5169841949551137
day_2,Mild cloudy day,0.35,30,7.5,8.8916,9.1368,20.0,building_3,1.5017096017802372
day_2,Mild cloudy day,0.35,31,7.75,9.0853,13.6563,20.0,building_3,1.4865671227985846
day_2,Mild cloudy day,0.35,32,8.0,9.2765,18.1173,20.0,building_3,1.4716203149911224
day_2,Mild cloudy day,0.35,33,8.25,9.4643,22.5008,20.0,building_3,1.4569367656529641
day_2,Mild cloudy day,0.35,34,8.5,9.6481,26.7878,20.0,building_3,1.4425703084216792
day_2,Mild cloudy day,0.35,35,8.75,9.8269,30.9602,20.0,building_3,1.4285918681085672
day_2,Mild cloudy day,0.35,36,9.0,10.0,35.0,20.0,building_3,1.4150584773077919
day_2,Mild cloudy day,0.35,37,9.25,10.1667,38.8899,20.0,building_3,1.4020261986963733
day_2,Mild cloudy day,0.35,38,9.5,10.3263,42.6133,20.0,building_3,1.3895501250341875
day_2,Mild cloudy day,0.35,39,9.75,10.478,46.1542,20.0,building_3,1.3776891022760724
day_2,Mild cloudy day,0.35,40,10.0,10.6213,49.4975,20.0,building_3,1.3664869756829947
day_2,Mild cloudy day,0.35,41,10.25,10.7555,52.6288,20.0,building_3,1.355995789703806
day_2,Mild cloudy day,0.35,42,10.5,10.8801,55.5347,20.0,building_3,1.3462570340864084
day_2,Mild cloudy day,0.35,43,10.75,10.9944,58.2029,20.0,building_3,1.337319843528221
day_2,Mild cloudy day,0.35,44,11.0,11.0981,60.6218,20.0,building_3,1.3292140445994614
day_2,Mild cloudy day,0.35,45,11.25,11.1906,62.7811,20.0,building_3,1.3219814162531938
day_2,Mild cloudy day,0.35,46,11.5,11.2716,64.6716,20.0,building_3,1.315648459629427
day_2,Mild cloudy day,0.35,47,11.75,11.3408,66.2851,20.0,building_3,1.3102402902722494
day_2,Mild cloudy day,0.35,48,12.0,11.3978,67.6148,20.0,building_3,1.3057846684439762
day_2,Mild cloudy day,0.35,49,12.25,11.4424,68.655,20.0,building_3,1.3022986611463812
day_2,Mild cloudy day,0.35,50,12.5,11.4743,69.4011,20.0,building_3,1.29980239577824
day_2,Mild cloudy day,0.35,51,12.75,11.4936,69.8501,20.0,building_3,1.2982954445747994
day_2,Mild cloudy day,0.35,52,13.0,11.5,70.0,20.0,building_3,1.2977943323854426
day_2,Mild cloudy day,0.35,53,13.25,11.4936,69.8501,20.0,building_3,1.2982954445747994
day_2,Mild cloudy day,0.35,54,13.5,11.4743,69.4011,20.0,building_3,1.29980239577824
day_2,Mild cloudy day,0.35,55,13.75,11.4424,68.655,20.0,building_3,1.3022986611463812
day_2,Mild cloudy day,0.35,56,14.0,11.3978,67.6148,20.0,building_3,1.3057846684439762
day_2,Mild cloudy day,0.35,57,14.25,11.3408,66.2851,20.0,building_3,1.3102402902722494
day_2,Mild cloudy day,0.35,58,14.5,11.2716,64.6716,20.0,building_3,1.315648459629427
day_2,Mild cloudy day,0.35,59,14.75,11.1906,62.7811,20.0,building_3,1.3219814162531938
day_2,Mild cloudy day,0.35,60,15.0,11.0981,60.6218,20.0,building_3,1.3292140445994614
day_2,Mild cloudy day,0.35,61,15.25,10.9944,58.2029,20.0,building_3,1.337319843528221
day_2,Mild cloudy day,0.35,62,15.5,10.8801,55.5347,20.0,building_3,1.3462570340864084
day_2,Mild cloudy day,0.35,63,15.75,10.7555,52.6288,20.0,building_3,1.355995789703806
day_2,Mild cloudy day,0.35,64,16.0,10.6213,49.4975,20.0,building_3,1.3664869756829947
day_2,Mild cloudy day,0.35,65,16.25,10.478,46.1542,20.0,building_3,1.3776891022760724
day_2,Mild cloudy day,0.35,66,16.5,10.3263,42.6133,20.0,building_3,1.3895501250341875
day_2,Mild cloudy day,0.35,67,16.75,10.1667,38.8899,20.0,building_3,1.4020261986963733
day_2,Mild cloudy day,0.35,68,17.0,10.0,35.0,20.0,building_3,1.4150584773077919
day_2,Mild cloudy day,0.35,69,17.25,9.8269,30.9602,20.0,building_3,1.4285918681085672
day_2,Mild cloudy day,0.35,70,17.5,9.6481,26.7878,20.0,building_3,1.4425703084216792
day_2,Mild cloudy day,0.35,71,17.75,9.4643,22.5008,20.0,building_3,1.4569367656529641
day_2,Mild cloudy day,0.35,72,18.0,9.2765,18.1173,20.0,building_3,1.4716203149911224
day_2,Mild cloudy day,0.35,73,18.25,9.0853,13.6563,20.0,building_3,1.4865671227985846
day_2,Mild cloudy day,0.35,74,18.5,8.8916,9.1368,20.0,building_3,1.5017096017802372
day_2,Mild cloudy day,0.35,75,18.75,8.6962,4.5782,20.0,building_3,1.5169841949551137
day_2,Mild cloudy day,0.35,76,19.0,8.5,0.0,20.0,building_3,1.532322622230141
day_2,Mild cloudy day,0.35,77,19.25,8.3038,0.0,20.0,building_3,1.5413175142633477
day_2,Mild cloudy day,0.35,78,19.5,8.1084,0.0,20.0,building_3,1.5502757298764394
day_2,Mild cloudy day,0.35,79,19.75,7.9147,0.0,20.0,building_3,1.5591560080967863
day_2,Mild cloudy day,0.35,80,20.0,7.7235,0.0,20.0,building_3,1.5679216725042742
day_2,Mild cloudy day,0.35,81,20.25,7.5357,0.0,20.0,building_3,1.5765314621262732
day_2,Mild cloudy day,0.35,82,20.5,7.3519,0.0,20.0,building_3,1.5849578696476971
day_2,Mild cloudy day,0.35,83,20.75,7.1731,0.0,20.0,building_3,1.5931550495434021
day_2,Mild cloudy day,0.35,84,21.0,7.0,0.0,20.0,building_3,1.6010909099457877
day_2,Mild cloudy day,0.35,85,21.25,6.8333,0.0,20.0,building_3,1.6087333589872532
day_2,Mild cloudy day,0.35,86,21.5,6.6737,0.0,20.0,building_3,1.6160503048001982
day_2,Mild cloudy day,0.35,87,21.75,6.522,0.0,20.0,building_3,1.6230050709645072
day_2,Mild cloudy day,0.35,88,22.0,6.3787,0.0,20.0,building_3,1.6295747347176086
day_2,Mild cloudy day,0.35,89,22.25,6.2445,0.0,20.0,building_3,1.6357272041919018
day_2,Mild cloudy day,0.35,90,22.5,6.1199,0.0,20.0,building_3,1.6414395566248148
day_2,Mild cloudy day,0.35,91,22.75,6.0056,0.0,20.0,building_3,1.6466797001487472
day_2,Mild cloudy day,0.35,92,23.0,5.9019,0.0,20.0,building_3,1.6514338811061555
day_2,Mild cloudy day,0.35,93,23.25,5.8094,0.0,20.0,building_3,1.6556745921819538
day_2,Mild cloudy day,0.35,94,23.5,5.7284,0.0,20.0,building_3,1.6593880797185987
day_2,Mild cloudy day,0.35,95,23.75,5.6592,0.0,20.0,building_3,1.6625605900585474
day_2,Mild cloudy day,0.35,0,0.0,5.6022,0.0,20.0,4,0.9487902758670235
day_2,Mild cloudy day,0.35,1,0.25,5.5576,0.0,20.0,4,0.9567357059730248
day_2,Mild cloudy day,0.35,2,0.5,5.5257,0.0,20.0,4,0.9624186481340435
day_2,Mild cloudy day,0.35,3,0.75,5.5064,0.0,20.0,4,0.9658569172157889
day_2,Mild cloudy day,0.35,4,1.0,5.5,0.0,20.0,4,0.966997068621134
day_2,Mild cloudy day,0.35,5,1.25,5.5064,0.0,20.0,4,0.9658569172157889
day_2,Mild cloudy day,0.35,6,1.5,5.5257,0.0,20.0,4,0.9624186481340435
day_2,Mild cloudy day,0.35,7,1.75,5.5576,0.0,20.0,4,0.9567357059730248
day_2,Mild cloudy day,0.35,8,2.0,5.6022,0.0,20.0,4,0.9487902758670235
day_2,Mild cloudy day,0.35,9,2.25,5.6592,0.0,20.0,4,0.9386358024131656
day_2,Mild cloudy day,0.35,10,2.5,5.7284,0.0,20.0,4,0.9263079153428675
day_2,Mild cloudy day,0.35,11,2.75,5.8094,0.0,20.0,4,0.9118778741189641
day_2,Mild cloudy day,0.35,12,3.0,5.9019,0.0,20.0,4,0.8953991233385803
day_2,Mild cloudy day,0.35,13,3.25,6.0056,0.0,20.0,4,0.876925107598842
day_2,Mild cloudy day,0.35,14,3.5,6.1199,0.0,20.0,4,0.8565627160940001
day_2,Mild cloudy day,0.35,15,3.75,6.2445,0.0,20.0,4,0.8343653934211808
day_2,Mild cloudy day,0.35,16,4.0,6.3787,0.0,20.0,4,0.8104578436403431
day_2,Mild cloudy day,0.35,17,4.25,6.522,0.0,20.0,4,0.7849291410800301
day_2,Mild cloudy day,0.35,18,4.5,6.6737,0.0,20.0,4,0.7579039898002005
day_2,Mild cloudy day,0.35,19,4.75,6.8333,0.0,20.0,4,0.729471464129398
day_2,Mild cloudy day,0.35,20,5.0,7.0,0.0,20.0,4,0.6997740829932904
day_2,Mild cloudy day,0.35,21,5.25,7.1731,0.0,20.0,4,0.6689365504518372
day_2,Mild cloudy day,0.35,22,5.5,7.3519,0.0,20.0,4,0.6370835705649982
day_2,Mild cloudy day,0.35,23,5.75,7.5357,0.0,20.0,4,0.604339847392733
day_2,Mild cloudy day,0.35,24,6.0,7.7235,0.0,20.0,4,0.5708835295921275
day_2,Mild cloudy day,0.35,25,6.25,7.9147,0.0,20.0,4,0.5368215063574315
day_2,Mild cloudy day,0.35,26,6.5,8.1084,0.0,20.0,4,0.5023141114800225
day_2,Mild cloudy day,0.35,27,6.75,8.3038,0.0,20.0,4,0.46750386388556886
day_2,Mild cloudy day,0.35,28,7.0,8.5,0.0,20.0,4,0.4325510973654467
day_2,Mild cloudy day,0.35,29,7.25,8.6962,4.5782,20.0,4,0.39619339089875116
day_2,Mild cloudy day,0.35,30,7.5,8.8916,9.1368,20.0,4,0.35998421812836545
day_2,Mild cloudy day,0.35,31,7.75,9.0853,13.6563,20.0,4,0.3240898969287034
day_2,Mild cloudy day,0.35,32,8.0,9.2765,18.1173,20.0,4,0.2886588996208639
day_2,Mild cloudy day,0.35,33,8.25,9.4643,22.5008,20.0,4,0.25385739064123425
day_2,Mild cloudy day,0.35,34,8.5,9.6481,26.7878,20.0,4,0.21979808982907545
day_2,Mild cloudy day,0.35,35,8.75,9.8269,30.9602,20.0,4,0.1866647002980346
day_2,Mild cloudy day,0.35,36,9.0,10.0,35.0,20.0,4,0.15458744987702855
day_2,Mild cloudy day,0.35,37,9.25,10.1667,38.8899,20.0,4,0.12369635158173642
day_2,Mild cloudy day,0.35,38,9.5,10.3263,42.6133,20.0,4,0.09412120361460063
day_2,Mild cloudy day,0.35,39,9.75,10.478,46.1542,20.0,4,0.06600943491813993
day_2,Mild cloudy day,0.35,40,10.0,10.6213,49.4975,20.0,4,0.03945475364929929
day_2,Mild cloudy day,0.35,41,10.25,10.7555,52.6288,20.0,4,0.014586282883203738
day_2,Mild cloudy day,0.35,42,10.5,10.8801,55.5347,20.0,4,0.0
day_2,Mild cloudy day,0.35,43,10.75,10.9944,58.2029,20.0,4,0.0
day_2,Mild cloudy day,0.35,44,11.0,11.0981,60.6218,20.0,4,0.0
day_2,Mild cloudy day,0.35,45,11.25,11.1906,62.7811,20.0,4,0.0
day_2,Mild cloudy day,0.35,46,11.5,11.2716,64.6716,20.0,4,0.0
day_2,Mild cloudy day,0.35,47,11.75,11.3408,66.2851,20.0,4,0.0
day_2,Mild cloudy day,0.35,48,12.0,11.3978,67.6148,20.0,4,0.0
day_2,Mild cloudy day,0.35,49,12.25,11.4424,68.655,20.0,4,0.0
day_2,Mild cloudy day,0.35,50,12.5,11.4743,69.4011,20.0,4,0.0
day_2,Mild cloudy day,0.35,51,12.75,11.4936,69.8501,20.0,4,0.0
day_2,Mild cloudy day,0.35,52,13.0,11.5,70.0,20.0,4,0.0
day_2,Mild cloudy day,0.35,53,13.25,11.4936,69.8501,20.0,4,0.0
day_2,Mild cloudy day,0.35,54,13.5,11.4743,69.4011,20.0,4,0.0
day_2,Mild cloudy day,0.35,55,13.75,11.4424,68.655,20.0,4,0.0
day_2,Mild cloudy day,0.35,56,14.0,11.3978,67.6148,20.0,4,0.0
day_2,Mild cloudy day,0.35,57,14.25,11.3408,66.2851,20.0,4,0.0
day_2,Mild cloudy day,0.35,58,14.5,11.2716,64.6716,20.0,4,0.0
day_2,Mild cloudy day,0.35,59,14.75,11.1906,62.7811,20.0,4,0.0
day_2,Mild cloudy day,0.35,60,15.0,11.0981,60.6218,20.0,4,0.0
day_2,Mild cloudy day,0.35,61,15.25,10.9944,58.2029,20.0,4,0.0
day_2,Mild cloudy day,0.35,62,15.5,10.8801,55.5347,20.0,4,0.0
day_2,Mild cloudy day,0.35,63,15.75,10.7555,52.6288,20.0,4,0.014586282883203738
day_2,Mild cloudy day,0.35,64,16.0,10.6213,49.4975,20.0,4,0.03945475364929929
day_2,Mild cloudy day,0.35,65,16.25,10.478,46.1542,20.0,4,0.06600943491813993
day_2,Mild cloudy day,0.35,66,16.5,10.3263,42.6133,20.0,4,0.09412120361460063
day_2,Mild cloudy day,0.35,67,16.75,10.1667,38.8899,20.0,4,0.12369635158173642
day_2,Mild cloudy day,0.35,68,17.0,10.0,35.0,20.0,4,0.15458744987702855
day_2,Mild cloudy day,0.35,69,17.25,9.8269,30.9602,20.0,4,0.1866647002980346
day_2,Mild cloudy day,0.35,70,17.5,9.6481,26.7878,20.0,4,0.21979808982907545
day_2,Mild cloudy day,0.35,71,17.75,9.4643,22.5008,20.0,4,0.25385739064123425
day_2,Mild cloudy day,0.35,72,18.0,9.2765,18.1173,20.0,4,0.2886588996208639
day_2,Mild cloudy day,0.35,73,18.25,9.0853,13.6563,20.0,4,0.3240898969287034
day_2,Mild cloudy day,0.35,74,18.5,8.8916,9.1368,20.0,4,0.35998421812836545
day_2,Mild cloudy day,0.35,75,18.75,8.6962,4.5782,20.0,4,0.39619339089875116
day_2,Mild cloudy day,0.35,76,19.0,8.5,0.0,20.0,4,0.4325510973654467
day_2,Mild cloudy day,0.35,77,19.25,8.3038,0.0,20.0,4,0.46750386388556886
day_2,Mild cloudy day,0.35,78,19.5,8.1084,0.0,20.0,4,0.5023141114800225
day_2,Mild cloudy day,0.35,79,19.75,7.9147,0.0,20.0,4,0.5368215063574315
day_2,Mild cloudy day,0.35,80,20.0,7.7235,0.0,20.0,4,0.5708835295921275
day_2,Mild cloudy day,0.35,81,20.25,7.5357,0.0,20.0,4,0.604339847392733
day_2,Mild cloudy day,0.35,82,20.5,7.3519,0.0,20.0,4,0.6370835705649982
day_2,Mild cloudy day,0.35,83,20.75,7.1731,0.0,20.0,4,0.6689365504518372
day_2,Mild cloudy day,0.35,84,21.0,7.0,0.0,20.0,4,0.6997740829932904
day_2,Mild cloudy day,0.35,85,21.25,6.8333,0.0,20.0,4,0.729471464129398
day_2,Mild cloudy day,0.35,86,21.5,6.6737,0.0,20.0,4,0.7579039898002005
day_2,Mild cloudy day,0.35,87,21.75,6.522,0.0,20.0,4,0.7849291410800301
day_2,Mild cloudy day,0.35,88,22.0,6.3787,0.0,20.0,4,0.8104578436403431
day_2,Mild cloudy day,0.35,89,22.25,6.2445,0.0,20.0,4,0.8343653934211808
day_2,Mild cloudy day,0.35,90,22.5,6.1199,0.0,20.0,4,0.8565627160940001
day_2,Mild cloudy day,0.35,91,22.75,6.0056,0.0,20.0,4,0.876925107598842
day_2,Mild cloudy day,0.35,92,23.0,5.9019,0.0,20.0,4,0.8953991233385803
day_2,Mild cloudy day,0.35,93,23.25,5.8094,0.0,20.0,4,0.9118778741189641
day_2,Mild cloudy day,0.35,94,23.5,5.7284,0.0,20.0,4,0.9263079153428675
day_2,Mild cloudy day,0.35,95,23.75,5.6592,0.0,20.0,4,0.9386358024131656
day_3,Mild sunny day,0.2,0,0.0,5.6022,0.0,20.0,building_1,3.872281867151954
day_3,Mild sunny day,0.2,1,0.25,5.5576,0.0,20.0,building_1,3.8834323018255903
day_3,Mild sunny day,0.2,2,0.5,5.5257,0.0,20.0,building_1,3.8914076127244472
day_3,Mild sunny day,0.2,3,0.75,5.5064,0.0,20.0,building_1,3.8962328008231286
day_3,Mild sunny day,0.2,4,1.0,5.5,0.0,20.0,building_1,3.897832863197821
day_3,Mild sunny day,0.2,5,1.25,5.5064,0.0,20.0,building_1,3.8962328008231286
day_3,Mild sunny day,0.2,6,1.5,5.5257,0.0,20.0,building_1,3.8914076127244472
day_3,Mild sunny day,0.2,7,1.75,5.5576,0.0,20.0,building_1,3.8834323018255903
day_3,Mild sunny day,0.2,8,2.0,5.6022,0.0,20.0,building_1,3.872281867151954
day_3,Mild sunny day,0.2,9,2.25,5.6592,0.0,20.0,building_1,3.858031311627351
day_3,Mild sunny day,0.2,10,2.5,5.7284,0.0,20.0,building_1,3.840730637200991
day_3,Mild sunny day,0.2,11,2.75,5.8094,0.0,20.0,building_1,3.820479847771292
day_3,Mild sunny day,0.2,12,3.0,5.9019,0.0,20.0,building_1,3.797353946262068
day_3,Mild sunny day,0.2,13,3.25,6.0056,0.0,20.0,building_1,3.7714279355971323
day_3,Mild sunny day,0.2,14,3.5,6.1199,0.0,20.0,building_1,3.7428518216241127
day_3,Mild sunny day,0.2,15,3.75,6.2445,0.0,20.0,building_1,3.711700607266823
day_3,Mild sunny day,0.2,16,4.0,6.3787,0.0,20.0,building_1,3.678149299347495
day_3,Mild sunny day,0.2,17,4.25,6.522,0.0,20.0,building_1,3.6423229027391515
day_3,Mild sunny day,0.2,18,4.5,6.6737,0.0,20.0,building_1,3.604396424264024
day_3,Mild sunny day,0.2,19,4.75,6.8333,0.0,20.0,building_1,3.5644948687951357
day_3,Mild sunny day,0.2,20,5.0,7.0,0.0,20.0,building_1,3.5228182441293234
day_3,Mild sunny day,0.2,21,5.25,7.1731,0.0,20.0,building_1,3.479541557088819
day_3,Mild sunny day,0.2,22,5.5,7.3519,0.0,20.0,building_1,3.434839814495854
day_3,Mild sunny day,0.2,23,5.75,7.5357,0.0,20.0,building_1,3.388888023172661
day_3,Mild sunny day,0.2,24,6.0,7.7235,0.0,20.0,building_1,3.341936192865285
day_3,Mild sunny day,0.2,25,6.25,7.9147,0.0,20.0,building_1,3.294134329421354
day_3,Mild sunny day,0.2,26,6.5,8.1084,0.0,20.0,building_1,3.245707441612309
day_3,Mild sunny day,0.2,27,6.75,8.3038,0.0,20.0,building_1,3.1968555372349856
day_3,Mild sunny day,0.2,28,7.0,8.5,0.0,20.0,building_1,3.1478036250608263
day_3,Mild sunny day,0.2,29,7.25,8.6962,17.0048,20.0,building_1,2.901761935115233
day_3,Mild sunny day,0.2,30,7.5,8.8916,33.9368,20.0,building_1,2.6567635946007053
day_3,Mild sunny day,0.2,31,7.75,9.0853,50.7235,20.0,building_1,2.4138734786139846
day_3,Mild sunny day,0.2,32,8.0,9.2765,67.293,20.0,building_1,2.1741245106593396
day_3,Mild sunny day,0.2,33,8.25,9.4643,83.5743,20.0,building_1,1.9385641892888494
day_3,Mild sunny day,0.2,34,8.5,9.6481,99.4977,20.0,building_1,1.7081499504587367
day_3,Mild sunny day,0.2,35,8.75,9.8269,114.9951,20.0,building_1,1.483920699042673
day_3,Mild sunny day,0.2,36,9.0,10.0,130.0,20.0,building_1,1.2668218020095434
day_3,Mild sunny day,0.2,37,9.25,10.1667,144.4483,20.0,building_1,1.0577708238567736
day_3,Mild sunny day,0.2,38,9.5,10.3263,158.278,20.0,building_1,0.8576610019192646
day_3,Mild sunny day,0.2,39,9.75,10.478,171.4299,20.0,building_1,0.66737813828982
day_3,Mild sunny day,0.2,40,10.0,10.6213,183.8478,20.0,building_1,0.4876982790481085
day_3,Mild sunny day,0.2,41,10.25,10.7555,195.4783,20.0,building_1,0.31941503600630516
day_3,Mild sunny day,0.2,42,10.5,10.8801,206.2719,20.0,building_1,0.1632268400112563
day_3,Mild sunny day,0.2,43,10.75,10.9944,216.1821,20.0,building_1,0.019847370769697448
day_3,Mild sunny day,0.2,44,11.0,11.0981,225.1666,20.0,building_1,0.0
day_3,Mild sunny day,0.2,45,11.25,11.1906,233.1869,20.0,building_1,0.0
day_3,Mild sunny day,0.2,46,11.5,11.2716,240.2087,20.0,building_1,0.0
day_3,Mild sunny day,0.2,47,11.75,11.3408,246.2018,20.0,building_1,0.0
day_3,Mild sunny day,0.2,48,12.0,11.3978,251.1407,20.0,building_1,0.0
day_3,Mild sunny day,0.2,49,12.25,11.4424,255.0042,20.0,building_1,0.0
day_3,Mild sunny day,0.2,50,12.5,11.4743,257.7757,20.0,building_1,0.0
day_3,Mild sunny day,0.2,51,12.75,11.4936,259.4433,20.0,building_1,0.0
day_3,Mild sunny day,0.2,52,13.0,11.5,260.0,20.0,building_1,0.0
day_3,Mild sunny day,0.2,53,13.25,11.4936,259.4433,20.0,building_1,0.0
day_3,Mild sunny day,0.2,54,13.5,11.4743,257.7757,20.0,building_1,0.0
day_3,Mild sunny day,0.2,55,13.75,11.4424,255.0042,20.0,building_1,0.0
day_3,Mild sunny day,0.2,56,14.0,11.3978,251.1407,20.0,building_1,0.0
day_3,Mild sunny day,0.2,57,14.25,11.3408,246.2018,20.0,building_1,0.0
day_3,Mild sunny day,0.2,58,14.5,11.2716,240.2087,20.0,building_1,0.0
day_3,Mild sunny day,0.2,59,14.75,11.1906,233.1869,20.0,building_1,0.0
day_3,Mild sunny day,0.2,60,15.0,11.0981,225.1666,20.0,building_1,0.0
day_3,Mild sunny day,0.2,61,15.25,10.9944,216.1821,20.0,building_1,0.019847370769697448
day_3,Mild sunny day,0.2,62,15.5,10.8801,206.2719,20.0,building_1,0.1632268400112563
day_3,Mild sunny day,0.2,63,15.75,10.7555,195.4783,20.0,building_1,0.31941503600630516
day_3,Mild sunny day,0.2,64,16.0,10.6213,183.8478,20.0,building_1,0.4876982790481085
day_3,Mild sunny day,0.2,65,16.25,10.478,171.4299,20.0,building_1,0.66737813828982
day_3,Mild sunny day,0.2,66,16.5,10.3263,158.278,20.0,building_1,0.8576610019192646
day_3,Mild sunny day,0.2,67,16.75,10.1667,144.4483,20.0,building_1,1.0577708238567736
day_3,Mild sunny day,0.2,68,17.0,10.0,130.0,20.0,building_1,1.2668218020095434
day_3,Mild sunny day,0.2,69,17.25,9.8269,114.9951,20.0,building_1,1.483920699042673
day_3,Mild sunny day,0.2,70,17.5,9.6481,99.4977,20.0,building_1,1.7081499504587367
day_3,Mild sunny day,0.2,71,17.75,9.4643,83.5743,20.0,building_1,1.9385641892888494
day_3,Mild sunny day,0.2,72,18.0,9.2765,67.293,20.0,building_1,2.1741245106593396
day_3,Mild sunny day,0.2,73,18.25,9.0853,50.7235,20.0,building_1,2.4138734786139846
day_3,Mild sunny day,0.2,74,18.5,8.8916,33.9368,20.0,building_1,2.6567635946007053
day_3,Mild sunny day,0.2,75,18.75,8.6962,17.0048,20.0,building_1,2.901761935115233
day_3,Mild sunny day,0.2,76,19.0,8.5,0.0,20.0,building_1,3.1478036250608263
day_3,Mild sunny day,0.2,77,19.25,8.3038,0.0,20.0,building_1,3.1968555372349856
day_3,Mild sunny day,0.2,78,19.5,8.1084,0.0,20.0,building_1,3.245707441612309
day_3,Mild sunny day,0.2,79,19.75,7.9147,0.0,20.0,building_1,3.294134329421354
day_3,Mild sunny day,0.2,80,20.0,7.7235,0.0,20.0,building_1,3.341936192865285
day_3,Mild sunny day,0.2,81,20.25,7.5357,0.0,20.0,building_1,3.388888023172661
day_3,Mild sunny day,0.2,82,20.5,7.3519,0.0,20.0,building_1,3.434839814495854
day_3,Mild sunny day,0.2,83,20.75,7.1731,0.0,20.0,building_1,3.479541557088819
day_3,Mild sunny day,0.2,84,21.0,7.0,0.0,20.0,building_1,3.5228182441293234
day_3,Mild sunny day,0.2,85,21.25,6.8333,0.0,20.0,building_1,3.5644948687951357
day_3,Mild sunny day,0.2,86,21.5,6.6737,0.0,20.0,building_1,3.604396424264024
day_3,Mild sunny day,0.2,87,21.75,6.522,0.0,20.0,building_1,3.6423229027391515
day_3,Mild sunny day,0.2,88,22.0,6.3787,0.0,20.0,building_1,3.678149299347495
day_3,Mild sunny day,0.2,89,22.25,6.2445,0.0,20.0,building_1,3.711700607266823
day_3,Mild sunny day,0.2,90,22.5,6.1199,0.0,20.0,building_1,3.7428518216241127
day_3,Mild sunny day,0.2,91,22.75,6.0056,0.0,20.0,building_1,3.7714279355971323
day_3,Mild sunny day,0.2,92,23.0,5.9019,0.0,20.0,building_1,3.797353946262068
day_3,Mild sunny day,0.2,93,23.25,5.8094,0.0,20.0,building_1,3.820479847771292
day_3,Mild sunny day,0.2,94,23.5,5.7284,0.0,20.0,building_1,3.840730637200991
day_3,Mild sunny day,0.2,95,23.75,5.6592,0.0,20.0,building_1,3.858031311627351
day_3,Mild sunny day,0.2,0,0.0,5.6022,0.0,20.0,building_2,1.1798166277219186
day_3,Mild sunny day,0.2,1,0.25,5.5576,0.0,20.0,building_2,1.1847286299759259
day_3,Mild sunny day,0.2,2,0.5,5.5257,0.0,20.0,building_2,1.1882419230679178
day_3,Mild sunny day,0.2,3,0.75,5.5064,0.0,20.0,building_2,1.1903675204558626
day_3,Mild sunny day,0.2,4,1.0,5.5,0.0,20.0,building_2,1.1910723817658546
day_3,Mild sunny day,0.2,5,1.25,5.5064,0.0,20.0,building_2,1.1903675204558626
day_3,Mild sunny day,0.2,6,1.5,5.5257,0.0,20.0,building_2,1.1882419230679178
day_3,Mild sunny day,0.2,7,1.75,5.5576,0.0,20.0,building_2,1.1847286299759259
day_3,Mild sunny day,0.2,8,2.0,5.6022,0.0,20.0,building_2,1.1798166277219186
day_3,Mild sunny day,0.2,9,2.25,5.6592,0.0,20.0,building_2,1.1735389566798018
day_3,Mild sunny day,0.2,10,2.5,5.7284,0.0,20.0,building_2,1.1659176437655123
day_3,Mild sunny day,0.2,11,2.75,5.8094,0.0,20.0,building_2,1.1569967428109251
day_3,Mild sunny day,0.2,12,3.0,5.9019,0.0,20.0,building_2,1.1468092941899455
day_3,Mild sunny day,0.2,13,3.25,6.0056,0.0,20.0,building_2,1.13538833827648
day_3,Mild sunny day,0.2,14,3.5,6.1199,0.0,20.0,building_2,1.1227999558183401
day_3,Mild sunny day,0.2,15,3.75,6.2445,0.0,20.0,building_2,1.109077187189432
day_3,Mild sunny day,0.2,16,4.0,6.3787,0.0,20.0,building_2,1.0942971265955355
day_3,Mild sunny day,0.2,17,4.25,6.522,0.0,20.0,building_2,1.078514841326494
day_3,Mild sunny day,0.2,18,4.5,6.6737,0.0,20.0,building_2,1.0618074255880883
day_3,Mild sunny day,0.2,19,4.75,6.8333,0.0,20.0,building_2,1.0442299466701606
day_3,Mild sunny day,0.2,20,5.0,7.0,0.0,20.0,building_2,1.0258705122364606
day_3,Mild sunny day,0.2,21,5.25,7.1731,0.0,20.0,building_2,1.0068062164927687
day_3,Mild sunny day,0.2,22,5.5,7.3519,0.0,20.0,building_2,0.9871141536448645
day_3,Mild sunny day,0.2,23,5.75,7.5357,0.0,20.0,building_2,0.9668714178985295
day_3,Mild sunny day,0.2,24,6.0,7.7235,0.0,20.0,building_2,0.9461881438334495
day_3,Mild sunny day,0.2,25,6.25,7.9147,0.0,20.0,building_2,0.9251304121974361
day_3,Mild sunny day,0.2,26,6.5,8.1084,0.0,20.0,building_2,0.903797344112207
day_3,Mild sunny day,0.2,27,6.75,8.3038,0.0,20.0,building_2,0.882277047241511
day_3,Mild sunny day,0.2,28,7.0,8.5,0.0,20.0,building_2,0.8606686427070663
day_3,Mild sunny day,0.2,29,7.25,8.6962,17.0048,20.0,building_2,0.8097509022728345
day_3,Mild sunny day,0.2,30,7.5,8.8916,33.9368,20.0,building_2,0.7590467469942069
day_3,Mild sunny day,0.2,31,7.75,9.0853,50.7235,20.0,building_2,0.7087802584071811
day_3,Mild sunny day,0.2,32,8.0,9.2765,67.293,20.0,building_2,0.6591634704346317
day_3,Mild sunny day,0.2,33,8.25,9.4643,83.5743,20.0,building_2,0.6104178792246745
day_3,Mild sunny day,0.2,34,8.5,9.6481,99.4977,20.0,building_2,0.5627296998820214
day_3,Mild sunny day,0.2,35,8.75,9.8269,114.9951,20.0,building_2,0.5163264435961846
day_3,Mild sunny day,0.2,36,9.0,10.0,130.0,20.0,building_2,0.4713998234356974
day_3,Mild sunny day,0.2,37,9.25,10.1667,144.4483,20.0,building_2,0.4281374158484823
day_3,Mild sunny day,0.2,38,9.5,10.3263,158.278,20.0,building_2,0.3867231777394272
day_3,Mild sunny day,0.2,39,9.75,10.478,171.4299,20.0,building_2,0.3473472534140096
day_3,Mild sunny day,0.2,40,10.0,10.6213,183.8478,20.0,building_2,0.3101615760280384
day_3,Mild sunny day,0.2,41,10.25,10.7555,195.4783,20.0,building_2,0.2753352795958802
day_3,Mild sunny day,0.2,42,10.5,10.8801,206.2719,20.0,building_2,0.24300874920747184
day_3,Mild sunny day,0.2,43,10.75,10.9944,216.1821,20.0,building_2,0.2133392260929251
day_3,Mild sunny day,0.2,44,11.0,11.0981,225.1666,20.0,building_2,0.1864326585644075
day_3,Mild sunny day,0.2,45,11.25,11.1906,233.1869,20.0,building_2,0.1624214856586932
day_3,Mild sunny day,0.2,46,11.5,11.2716,240.2087,20.0,building_2,0.14139786695258139
day_3,Mild sunny day,0.2,47,11.75,11.3408,246.2018,20.0,building_2,0.12344689529599473
day_3,Mild sunny day,0.2,48,12.0,11.3978,251.1407,20.0,building_2,0.10865657611479596
day_3,Mild sunny day,0.2,49,12.25,11.4424,255.0042,20.0,building_2,0.0970854764736494
day_3,Mild sunny day,0.2,50,12.5,11.4743,257.7757,20.0,building_2,0.0887952483723507
day_3,Mild sunny day,0.2,51,12.75,11.4936,259.4433,20.0,building_2,0.08379538909679252
day_3,Mild sunny day,0.2,52,13.0,11.5,260.0,20.0,building_2,0.08213100416432856
day_3,Mild sunny day,0.2,53,13.25,11.4936,259.4433,20.0,building_2,0.08379538909679252
day_3,Mild sunny day,0.2,54,13.5,11.4743,257.7757,20.0,building_2,0.0887952483723507
day_3,Mild sunny day,0.2,55,13.75,11.4424,255.0042,20.0,building_2,0.0970854764736494
day_3,Mild sunny day,0.2,56,14.0,11.3978,251.1407,20.0,building_2,0.10865657611479596
day_3,Mild sunny day,0.2,57,14.25,11.3408,246.2018,20.0,building_2,0.12344689529599473
day_3,Mild sunny day,0.2,58,14.5,11.2716,240.2087,20.0,building_2,0.14139786695258139
day_3,Mild sunny day,0.2,59,14.75,11.1906,233.1869,20.0,building_2,0.1624214856586932
day_3,Mild sunny day,0.2,60,15.0,11.0981,225.1666,20.0,building_2,0.1864326585644075
day_3,Mild sunny day,0.2,61,15.25,10.9944,216.1821,20.0,building_2,0.2133392260929251
day_3,Mild sunny day,0.2,62,15.5,10.8801,206.2719,20.0,building_2,0.24300874920747184
day_3,Mild sunny day,0.2,63,15.75,10.7555,195.4783,20.0,building_2,0.2753352795958802
day_3,Mild sunny day,0.2,64,16.0,10.6213,183.8478,20.0,building_2,0.3101615760280384
day_3,Mild sunny day,0.2,65,16.25,10.478,171.4299,20.0,building_2,0.3473472534140096
day_3,Mild sunny day,0.2,66,16.5,10.3263,158.278,20.0,building_2,0.3867231777394272
day_3,Mild sunny day,0.2,67,16.75,10.1667,144.4483,20.0,building_2,0.4281374158484823
day_3,Mild sunny day,0.2,68,17.0,10.0,130.0,20.0,building_2,0.4713998234356974
day_3,Mild sunny day,0.2,69,17.25,9.8269,114.9951,20.0,building_2,0.5163264435961846
day_3,Mild sunny day,0.2,70,17.5,9.6481,99.4977,20.0,building_2,0.5627296998820214
day_3,Mild sunny day,0.2,71,17.75,9.4643,83.5743,20.0,building_2,0.6104178792246745
day_3,Mild sunny day,0.2,72,18.0,9.2765,67.293,20.0,building_2,0.6591634704346317
day_3,Mild sunny day,0.2,73,18.25,9.0853,50.7235,20.0,building_2,0.7087802584071811
day_3,Mild sunny day,0.2,74,18.5,8.8916,33.9368,20.0,building_2,0.7590467469942069
day_3,Mild sunny day,0.2,75,18.75,8.6962,17.0048,20.0,building_2,0.8097509022728345
day_3,Mild sunny day,0.2,76,19.0,8.5,0.0,20.0,building_2,0.8606686427070663
day_3,Mild sunny day,0.2,77,19.25,8.3038,0.0,20.0,building_2,0.882277047241511
day_3,Mild sunny day,0.2,78,19.5,8.1084,0.0,20.0,building_2,0.903797344112207
day_3,Mild sunny day,0.2,79,19.75,7.9147,0.0,20.0,building_2,0.9251304121974361
day_3,Mild sunny day,0.2,80,20.0,7.7235,0.0,20.0,building_2,0.9461881438334495
day_3,Mild sunny day,0.2,81,20.25,7.5357,0.0,20.0,building_2,0.9668714178985295
day_3,Mild sunny day,0.2,82,20.5,7.3519,0.0,20.0,building_2,0.9871141536448645
day_3,Mild sunny day,0.2,83,20.75,7.1731,0.0,20.0,building_2,1.0068062164927687
day_3,Mild sunny day,0.2,84,21.0,7.0,0.0,20.0,building_2,1.0258705122364606
day_3,Mild sunny day,0.2,85,21.25,6.8333,0.0,20.0,building_2,1.0442299466701606
day_3,Mild sunny day,0.2,86,21.5,6.6737,0.0,20.0,building_2,1.0618074255880883
day_3,Mild sunny day,0.2,87,21.75,6.522,0.0,20.0,building_2,1.078514841326494
day_3,Mild sunny day,0.2,88,22.0,6.3787,0.0,20.0,building_2,1.0942971265955355
day_3,Mild sunny day,0.2,89,22.25,6.2445,0.0,20.0,building_2,1.109077187189432
day_3,Mild sunny day,0.2,90,22.5,6.1199,0.0,20.0,building_2,1.1227999558183401
day_3,Mild sunny day,0.2,91,22.75,6.0056,0.0,20.0,building_2,1.13538833827648
day_3,Mild sunny day,0.2,92,23.0,5.9019,0.0,20.0,building_2,1.1468092941899455
day_3,Mild sunny day,0.2,93,23.25,5.8094,0.0,20.0,building_2,1.1569967428109251
day_3,Mild sunny day,0.2,94,23.5,5.7284,0.0,20.0,building_2,1.1659176437655123
day_3,Mild sunny day,0.2,95,23.75,5.6592,0.0,20.0,building_2,1.1735389566798018
day_3,Mild sunny day,0.2,0,0.0,5.6022,0.0,20.0,building_3,1.6651737849917418
day_3,Mild sunny day,0.2,1,0.25,5.5576,0.0,20.0,building_3,1.6672184954131537
day_3,Mild sunny day,0.2,2,0.5,5.5257,0.0,20.0,building_3,1.6686809676652397
day_3,Mild sunny day,0.2,3,0.75,5.5064,0.0,20.0,building_3,1.6695657863005144
day_3,Mild sunny day,0.2,4,1.0,5.5,0.0,20.0,building_3,1.6698591976614345
day_3,Mild sunny day,0.2,5,1.25,5.5064,0.0,20.0,building_3,1.6695657863005144
day_3,Mild sunny day,0.2,6,1.5,5.5257,0.0,20.0,building_3,1.6686809676652397
day_3,Mild sunny day,0.2,7,1.75,5.5576,0.0,20.0,building_3,1.6672184954131537
day_3,Mild sunny day,0.2,8,2.0,5.6022,0.0,20.0,building_3,1.6651737849917418
day_3,Mild sunny day,0.2,9,2.25,5.6592,0.0,20.0,building_3,1.6625605900585474
day_3,Mild sunny day,0.2,10,2.5,5.7284,0.0,20.0,building_3,1.6593880797185987
day_3,Mild sunny day,0.2,11,2.75,5.8094,0.0,20.0,building_3,1.6556745921819538
day_3,Mild sunny day,0.2,12,3.0,5.9019,0.0,20.0,building_3,1.6514338811061555
day_3,Mild sunny day,0.2,13,3.25,6.0056,0.0,20.0,building_3,1.6466797001487472
day_3,Mild sunny day,0.2,14,3.5,6.1199,0.0,20.0,building_3,1.6414395566248148
day_3,Mild sunny day,0.2,15,3.75,6.2445,0.0,20.0,building_3,1.6357272041919018
day_3,Mild sunny day,0.2,16,4.0,6.3787,0.0,20.0,building_3,1.6295747347176086
day_3,Mild sunny day,0.2,17,4.25,6.522,0.0,20.0,building_3,1.6230050709645072
day_3,Mild sunny day,0.2,18,4.5,6.6737,0.0,20.0,building_3,1.6160503048001982
day_3,Mild sunny day,0.2,19,4.75,6.8333,0.0,20.0,building_3,1.6087333589872532
day_3,Mild sunny day,0.2,20,5.0,7.0,0.0,20.0,building_3,1.6010909099457877
day_3,Mild sunny day,0.2,21,5.25,7.1731,0.0,20.0,building_3,1.5931550495434021
day_3,Mild sunny day,0.2,22,5.5,7.3519,0.0,20.0,building_3,1.5849578696476971
day_3,Mild sunny day,0.2,23,5.75,7.5357,0.0,20.0,building_3,1.5765314621262732
day_3,Mild sunny day,0.2,24,6.0,7.7235,0.0,20.0,building_3,1.5679216725042742
day_3,Mild sunny day,0.2,25,6.25,7.9147,0.0,20.0,building_3,1.5591560080967863
day_3,Mild sunny day,0.2,26,6.5,8.1084,0.0,20.0,building_3,1.5502757298764394
day_3,Mild sunny day,0.2,27,6.75,8.3038,0.0,20.0,building_3,1.5413175142633477
day_3,Mild sunny day,0.2,28,7.0,8.5,0.0,20.0,building_3,1.532322622230141
day_3,Mild sunny day,0.2,29,7.25,8.6962,17.0048,20.0,building_3,1.4997659486932622
day_3,Mild sunny day,0.2,30,7.5,8.8916,33.9368,20.0,building_3,1.4673468229594882
day_3,Mild sunny day,0.2,31,7.75,9.0853,50.7235,20.0,building_3,1.4352069617056622
day_3,Mild sunny day,0.2,32,8.0,9.2765,67.293,20.0,building_3,1.4034826656985615
day_3,Mild sunny day,0.2,33,8.25,9.4643,83.5743,20.0,building_3,1.3723135732211487
day_3,Mild sunny day,0.2,34,8.5,9.6481,99.4977,20.0,building_3,1.3418237676241476
day_3,Mild sunny day,0.2,35,8.75,9.8269,114.9951,20.0,building_3,1.3121534535148665
day_3,Mild sunny day,0.2,36,9.0,10.0,130.0,20.0,building_3,1.2834268648895995
day_3,Mild sunny day,0.2,37,9.25,10.1667,144.4483,20.0,building_3,1.2557649103144313
day_3,Mild sunny day,0.2,38,9.5,10.3263,158.278,20.0,building_3,1.2292855886040142
day_3,Mild sunny day,0.2,39,9.75,10.478,171.4299,20.0,building_3,1.2041076034569385
day_3,Mild sunny day,0.2,40,10.0,10.6213,183.8478,20.0,building_3,1.180331748126491
day_3,Mild sunny day,0.2,41,10.25,10.7555,195.4783,20.0,building_3,1.1580641053024106
day_3,Mild sunny day,0.2,42,10.5,10.8801,206.2719,20.0,building_3,1.1373961847453185
day_3,Mild sunny day,0.2,43,10.75,10.9944,216.1821,20.0,building_3,1.1184245085331046
day_3,Mild sunny day,0.2,44,11.0,11.0981,225.1666,20.0,building_3,1.1012214410307355
day_3,Mild sunny day,0.2,45,11.25,11.1906,233.1869,20.0,building_3,1.0858678349962254
day_3,Mild sunny day,0.2,46,11.5,11.2716,240.2087,20.0,building_3,1.07242497002718
day_3,Mild sunny day,0.2,47,11.75,11.3408,246.2018,20.0,building_3,1.0609484447779318
day_3,Mild sunny day,0.2,48,12.0,11.3978,251.1407,20.0,building_3,1.0514919301545034
day_3,Mild sunny day,0.2,49,12.25,11.4424,255.0042,20.0,building_3,1.0440939698954317
day_3,Mild sunny day,0.2,50,12.5,11.4743,257.7757,20.0,building_3,1.0387913185505349
day_3,Mild sunny day,0.2,51,12.75,11.4936,259.4433,20.0,building_3,1.0355958801587488
day_3,Mild sunny day,0.2,52,13.0,11.5,260.0,20.0,building_3,1.0345311075490582
day_3,Mild sunny day,0.2,53,13.25,11.4936,259.4433,20.0,building_3,1.0355958801587488
day_3,Mild sunny day,0.2,54,13.5,11.4743,257.7757,20.0,building_3,1.0387913185505349
day_3,Mild sunny day,0.2,55,13.75,11.4424,255.0042,20.0,building_3,1.0440939698954317
day_3,Mild sunny day,0.2,56,14.0,11.3978,251.1407,20.0,building_3,1.0514919301545034
day_3,Mild sunny day,0.2,57,14.25,11.3408,246.2018,20.0,building_3,1.0609484447779318
day_3,Mild sunny day,0.2,58,14.5,11.2716,240.2087,20.0,building_3,1.07242497002718
day_3,Mild sunny day,0.2,59,14.75,11.1906,233.1869,20.0,building_3,1.0858678349962254
day_3,Mild sunny day,0.2,60,15.0,11.0981,225.1666,20.0,building_3,1.1012214410307355
day_3,Mild sunny day,0.2,61,15.25,10.9944,216.1821,20.0,building_3,1.1184245085331046
day_3,Mild sunny day,0.2,62,15.5,10.8801,206.2719,20.0,building_3,1.1373961847453185
day_3,Mild sunny day,0.2,63,15.75,10.7555,195.4783,20.0,building_3,1.1580641053024106
day_3,Mild sunny day,0.2,64,16.0,10.6213,183.8478,20.0,building_3,1.180331748126491
day_3,Mild sunny day,0.2,65,16.25,10.478,171.4299,20.0,building_3,1.2041076034569385
day_3,Mild sunny day,0.2,66,16.5,10.3263,158.278,20.0,building_3,1.2292855886040142
day_3,Mild sunny day,0.2,67,16.75,10.1667,144.4483,20.0,building_3,1.2557649103144313
day_3,Mild sunny day,0.2,68,17.0,10.0,130.0,20.0,building_3,1.2834268648895995
day_3,Mild sunny day,0.2,69,17.25,9.8269,114.9951,20.0,building_3,1.3121534535148665
day_3,Mild sunny day,0.2,70,17.5,9.6481,99.4977,20.0,building_3,1.3418237676241476
day_3,Mild sunny day,0.2,71,17.75,9.4643,83.5743,20.0,building_3,1.3723135732211487
day_3,Mild sunny day,0.2,72,18.0,9.2765,67.293,20.0,building_3,1.4034826656985615
day_3,Mild sunny day,0.2,73,18.25,9.0853,50.7235,20.0,building_3,1.4352069617056622
day_3,Mild sunny day,0.2,74,18.5,8.8916,33.9368,20.0,building_3,1.4673468229594882
day_3,Mild sunny day,0.2,75,18.75,8.6962,17.0048,20.0,building_3,1.4997659486932622
day_3,Mild sunny day,0.2,76,19.0,8.5,0.0,20.0,building_3,1.532322622230141
day_3,Mild sunny day,0.2,77,19.25,8.3038,0.0,20.0,building_3,1.5413175142633477
day_3,Mild sunny day,0.2,78,19.5,8.1084,0.0,20.0,building_3,1.5502757298764394
day_3,Mild sunny day,0.2,79,19.75,7.9147,0.0,20.0,building_3,1.5591560080967863
day_3,Mild sunny day,0.2,80,20.0,7.7235,0.0,20.0,building_3,1.5679216725042742
day_3,Mild sunny day,0.2,81,20.25,7.5357,0.0,20.0,building_3,1.5765314621262732
day_3,Mild sunny day,0.2,82,20.5,7.3519,0.0,20.0,building_3,1.5849578696476971
day_3,Mild sunny day,0.2,83,20.75,7.1731,0.0,20.0,building_3,1.5931550495434021
day_3,Mild sunny day,0.2,84,21.0,7.0,0.0,20.0,building_3,1.6010909099457877
day_3,Mild sunny day,0.2,85,21.25,6.8333,0.0,20.0,building_3,1.6087333589872532
day_3,Mild sunny day,0.2,86,21.5,6.6737,0.0,20.0,building_3,1.6160503048001982
day_3,Mild sunny day,0.2,87,21.75,6.522,0.0,20.0,building_3,1.6230050709645072
day_3,Mild sunny day,0.2,88,22.0,6.3787,0.0,20.0,building_3,1.6295747347176086
day_3,Mild sunny day,0.2,89,22.25,6.2445,0.0,20.0,building_3,1.6357272041919018
day_3,Mild sunny day,0.2,90,22.5,6.1199,0.0,20.0,building_3,1.6414395566248148
day_3,Mild sunny day,0.2,91,22.75,6.0056,0.0,20.0,building_3,1.6466797001487472
day_3,Mild sunny day,0.2,92,23.0,5.9019,0.0,20.0,building_3,1.6514338811061555
day_3,Mild sunny day,0.2,93,23.25,5.8094,0.0,20.0,building_3,1.6556745921819538
day_3,Mild sunny day,0.2,94,23.5,5.7284,0.0,20.0,building_3,1.6593880797185987
day_3,Mild sunny day,0.2,95,23.75,5.6592,0.0,20.0,building_3,1.6625605900585474
day_3,Mild sunny day,0.2,0,0.0,5.6022,0.0,20.0,4,0.9487902758670235
day_3,Mild sunny day,0.2,1,0.25,5.5576,0.0,20.0,4,0.9567357059730248
day_3,Mild sunny day,0.2,2,0.5,5.5257,0.0,20.0,4,0.9624186481340435
day_3,Mild sunny day,0.2,3,0.75,5.5064,0.0,20.0,4,0.9658569172157889
day_3,Mild sunny day,0.2,4,1.0,5.5,0.0,20.0,4,0.966997068621134
day_3,Mild sunny day,0.2,5,1.25,5.5064,0.0,20.0,4,0.9658569172157889
day_3,Mild sunny day,0.2,6,1.5,5.5257,0.0,20.0,4,0.9624186481340435
day_3,Mild sunny day,0.2,7,1.75,5.5576,0.0,20.0,4,0.9567357059730248
day_3,Mild sunny day,0.2,8,2.0,5.6022,0.0,20.0,4,0.9487902758670235
day_3,Mild sunny day,0.2,9,2.25,5.6592,0.0,20.0,4,0.9386358024131656
day_3,Mild sunny day,0.2,10,2.5,5.7284,0.0,20.0,4,0.9263079153428675
day_3,Mild sunny day,0.2,11,2.75,5.8094,0.0,20.0,4,0.9118778741189641
day_3,Mild sunny day,0.2,12,3.0,5.9019,0.0,20.0,4,0.8953991233385803
day_3,Mild sunny day,0.2,13,3.25,6.0056,0.0,20.0,4,0.876925107598842
day_3,Mild sunny day,0.2,14,3.5,6.1199,0.0,20.0,4,0.8565627160940001
day_3,Mild sunny day,0.2,15,3.75,6.2445,0.0,20.0,4,0.8343653934211808
day_3,Mild sunny day,0.2,16,4.0,6.3787,0.0,20.0,4,0.8104578436403431
day_3,Mild sunny day,0.2,17,4.25,6.522,0.0,20.0,4,0.7849291410800301
day_3,Mild sunny day,0.2,18,4.5,6.6737,0.0,20.0,4,0.7579039898002005
day_3,Mild sunny day,0.2,19,4.75,6.8333,0.0,20.0,4,0.729471464129398
day_3,Mild sunny day,0.2,20,5.0,7.0,0.0,20.0,4,0.6997740829932904
day_3,Mild sunny day,0.2,21,5.25,7.1731,0.0,20.0,4,0.6689365504518372
day_3,Mild sunny day,0.2,22,5.5,7.3519,0.0,20.0,4,0.6370835705649982
day_3,Mild sunny day,0.2,23,5.75,7.5357,0.0,20.0,4,0.604339847392733
day_3,Mild sunny day,0.2,24,6.0,7.7235,0.0,20.0,4,0.5708835295921275
day_3,Mild sunny day,0.2,25,6.25,7.9147,0.0,20.0,4,0.5368215063574315
day_3,Mild sunny day,0.2,26,6.5,8.1084,0.0,20.0,4,0.5023141114800225
day_3,Mild sunny day,0.2,27,6.75,8.3038,0.0,20.0,4,0.46750386388556886
day_3,Mild sunny day,0.2,28,7.0,8.5,0.0,20.0,4,0.4325510973654467
day_3,Mild sunny day,0.2,29,7.25,8.6962,17.0048,20.0,4,0.392379964936562
day_3,Mild sunny day,0.2,30,7.5,8.8916,33.9368,20.0,4,0.35237369201001534
day_3,Mild sunny day,0.2,31,7.75,9.0853,50.7235,20.0,4,0.3127148608910377
day_3,Mild sunny day,0.2,32,8.0,9.2765,67.293,20.0,4,0.2735680548935191
day_3,Mild sunny day,0.2,33,8.25,9.4643,83.5743,20.0,4,0.2351153960086112
day_3,Mild sunny day,0.2,34,8.5,9.6481,99.4977,20.0,4,0.19748516269146954
day_3,Mild sunny day,0.2,35,8.75,9.8269,114.9951,20.0,4,0.1608764018583999
day_3,Mild sunny day,0.2,36,9.0,10.0,130.0,20.0,4,0.12543422482689714
day_3,Mild sunny day,0.2,37,9.25,10.1667,144.4483,20.0,4,0.09130300641192823
day_3,Mild sunny day,0.2,38,9.5,10.3263,158.278,20.0,4,0.05862647698874879
day_3,Mild sunny day,0.2,39,9.75,10.478,171.4299,20.0,4,0.027565322545374027
day_3,Mild sunny day,0.2,40,10.0,10.6213,183.8478,20.0,4,0.0
day_3,Mild sunny day,0.2,41,10.25,10.7555,195.4783,20.0,4,0.0
day_3,Mild sunny day,0.2,42,10.5,10.8801,206.2719,20.0,4,0.0
day_3,Mild sunny day,0.2,43,10.75,10.9944,216.1821,20.0,4,0.0
day_3,Mild sunny day,0.2,44,11.0,11.0981,225.1666,20.0,4,0.0
day_3,Mild sunny day,0.2,45,11.25,11.1906,233.1869,20.0,4,0.0
day_3,Mild sunny day,0.2,46,11.5,11.2716,240.2087,20.0,4,0.0
day_3,Mild sunny day,0.2,47,11.75,11.3408,246.2018,20.0,4,0.0
day_3,Mild sunny day,0.2,48,12.0,11.3978,251.1407,20.0,4,0.0
day_3,Mild sunny day,0.2,49,12.25,11.4424,255.0042,20.0,4,0.0
day_3,Mild sunny day,0.2,50,12.5,11.4743,257.7757,20.0,4,0.0
day_3,Mild sunny day,0.2,51,12.75,11.4936,259.4433,20.0,4,0.0
day_3,Mild sunny day,0.2,52,13.0,11.5,260.0,20.0,4,0.0
day_3,Mild sunny day,0.2,53,13.25,11.4936,259.4433,20.0,4,0.0
day_3,Mild sunny day,0.2,54,13.5,11.4743,257.7757,20.0,4,0.0
day_3,Mild sunny day,0.2,55,13.75,11.4424,255.0042,20.0,4,0.0
day_3,Mild sunny day,0.2,56,14.0,11.3978,251.1407,20.0,4,0.0
day_3,Mild sunny day,0.2,57,14.25,11.3408,246.2018,20.0,4,0.0
day_3,Mild sunny day,0.2,58,14.5,11.2716,240.2087,20.0,4,0.0
day_3,Mild sunny day,0.2,59,14.75,11.1906,233.1869,20.0,4,0.0
day_3,Mild sunny day,0.2,60,15.0,11.0981,225.1666,20.0,4,0.0
day_3,Mild sunny day,0.2,61,15.25,10.9944,216.1821,20.0,4,0.0
day_3,Mild sunny day,0.2,62,15.5,10.8801,206.2719,20.0,4,0.0
day_3,Mild sunny day,0.2,63,15.75,10.7555,195.4783,20.0,4,0.0
day_3,Mild sunny day,0.2,64,16.0,10.6213,183.8478,20.0,4,0.0
day_3,Mild sunny day,0.2,65,16.25,10.478,171.4299,20.0,4,0.027565322545374027
day_3,Mild sunny day,0.2,66,16.5,10.3263,158.278,20.0,4,0.05862647698874879
day_3,Mild sunny day,0.2,67,16.75,10.1667,144.4483,20.0,4,0.09130300641192823
day_3,Mild sunny day,0.2,68,17.0,10.0,130.0,20.0,4,0.12543422482689714
day_3,Mild sunny day,0.2,69,17.25,9.8269,114.9951,20.0,4,0.1608764018583999
day_3,Mild sunny day,0.2,70,17.5,9.6481,99.4977,20.0,4,0.19748516269146954
day_3,Mild sunny day,0.2,71,17.75,9.4643,83.5743,20.0,4,0.2351153960086112
day_3,Mild sunny day,0.2,72,18.0,9.2765,67.293,20.0,4,0.2735680548935191
day_3,Mild sunny day,0.2,73,18.25,9.0853,50.7235,20.0,4,0.3127148608910377
day_3,Mild sunny day,0.2,74,18.5,8.8916,33.9368,20.0,4,0.35237369201001534
day_3,Mild sunny day,0.2,75,18.75,8.6962,17.0048,20.0,4,0.392379964936562
day_3,Mild sunny day,0.2,76,19.0,8.5,0.0,20.0,4,0.4325510973654467
day_3,Mild sunny day,0.2,77,19.25,8.3038,0.0,20.0,4,0.46750386388556886
day_3,Mild sunny day,0.2,78,19.5,8.1084,0.0,20.0,4,0.5023141114800225
day_3,Mild sunny day,0.2,79,19.75,7.9147,0.0,20.0,4,0.5368215063574315
day_3,Mild sunny day,0.2,80,20.0,7.7235,0.0,20.0,4,0.5708835295921275
day_3,Mild sunny day,0.2,81,20.25,7.5357,0.0,20.0,4,0.604339847392733
day_3,Mild sunny day,0.2,82,20.5,7.3519,0.0,20.0,4,0.6370835705649982
day_3,Mild sunny day,0.2,83,20.75,7.1731,0.0,20.0,4,0.6689365504518372
day_3,Mild sunny day,0.2,84,21.0,7.0,0.0,20.0,4,0.6997740829932904
day_3,Mild sunny day,0.2,85,21.25,6.8333,0.0,20.0,4,0.729471464129398
day_3,Mild sunny day,0.2,86,21.5,6.6737,0.0,20.0,4,0.7579039898002005
day_3,Mild sunny day,0.2,87,21.75,6.522,0.0,20.0,4,0.7849291410800301
day_3,Mild sunny day,0.2,88,22.0,6.3787,0.0,20.0,4,0.8104578436403431
day_3,Mild sunny day,0.2,89,22.25,6.2445,0.0,20.0,4,0.8343653934211808
day_3,Mild sunny day,0.2,90,22.5,6.1199,0.0,20.0,4,0.8565627160940001
day_3,Mild sunny day,0.2,91,22.75,6.0056,0.0,20.0,4,0.876925107598842
day_3,Mild sunny day,0.2,92,23.0,5.9019,0.0,20.0,4,0.8953991233385803
day_3,Mild sunny day,0.2,93,23.25,5.8094,0.0,20.0,4,0.9118778741189641
day_3,Mild sunny day,0.2,94,23.5,5.7284,0.0,20.0,4,0.9263079153428675
day_3,Mild sunny day,0.2,95,23.75,5.6592,0.0,20.0,4,0.9386358024131656
